name,title,company,seniority_tier,function_category,role,conference_name,year,session_title,linkedin_url,total_appearances
Jeanne DeWitt Grosser,COO,Vercel,c_level,operations,speaker,Dreamforce,2026,,https://www.linkedin.com/in/jeannedewitt,11
Dario Amodei,Co-Founder & CEO,Anthropic,c_level,other,speaker,INBOUND,2026,How AI Will Transform Business in the Next 18 Months,https://www.linkedin.com/in/dario-amodei-3934934,10
Dario Amodei,Co-Founder & CEO,Anthropic,c_level,other,speaker,Dreamforce,2026,,https://www.linkedin.com/in/dario-amodei-3934934,10
Kerry Cunningham,Head of Research & Thought Leadership,6sense,head_of,other,speaker,INBOUND,2026,State of HubSpot: How the Best Do It Different,https://www.linkedin.com/in/kerrycunningham,10
Mati Staniszewski,Co-Founder & CEO,ElevenLabs,c_level,other,speaker,INBOUND,2026,Building Your AI-Powered GTM Engine: The Future Tech Stack,https://uk.linkedin.com/in/matiii,10
Mati Staniszewski,Co-Founder & CEO,ElevenLabs,c_level,other,speaker,Dreamforce,2026,,https://uk.linkedin.com/in/matiii,10
Olivier Godement,Head of Platform,OpenAI,head_of,engineering,speaker,INBOUND,2026,Inside the AI Ecosystem: How Platforms Win Together,https://www.linkedin.com/in/oliviergodement,10
Olivier Godement,Head of Platform,OpenAI,head_of,engineering,speaker,Dreamforce,2026,,https://www.linkedin.com/in/oliviergodement,10
Yamini Rangan,CEO,HubSpot,c_level,other,speaker,INBOUND,2026,HubSpot Spotlight,https://www.linkedin.com/in/yaminirangan,10
Sangram Vajre,,GTM Partners,unknown,other,speaker,INBOUND,2026,"GTM Growth Decoded: 100 Companies, 3 Stages, 1 System",https://www.linkedin.com/in/sangramvajre,8
Dharmesh Shah,Co-Founder & CTO,HubSpot,c_level,other,speaker,INBOUND,2026,You To The Power of AI,https://www.linkedin.com/in/dharmesh,7
Aaron Schmaltz,,HubSpot,unknown,other,speaker,INBOUND,2026,Lab: From Data Chaos to Clarity With HubSpot Smart CRM,https://www.linkedin.com/in/aaronschmaltz,6
Absolute Sales Development,,,unknown,other,speaker,Sandler Summit,2026,How supportive are your selling beliefs... and how much is it costing you?,,6
Adam Stevenson,,HubSpot,unknown,other,speaker,INBOUND,2026,"Connect the Dots With Breeze Assistant, Your AI Chief-Of-Staff",https://www.linkedin.com/in/adammarcstevenson,6
Aja Frost,,HubSpot,unknown,other,speaker,INBOUND,2026,How to Show Up in ChatGPT: HubSpot’s Winning AEO Playbook,https://www.linkedin.com/in/ajafrost,6
Alana Nicol,,,unknown,other,speaker,Sandler Summit,2026,Sandler Your Way: How to Flex the System Without Breaking the Rules,,6
Alex Weber,,,unknown,other,keynote,Sandler Summit,2026,"American Ninja Warrior, Award-Winning Leader, Entertainer",,6
Alicia Silverstone,"Actor, Author & Activist",,unknown,other,speaker,Dreamforce,2026,,,6
Allan Thygesen,CEO,Docusign,c_level,other,speaker,Dreamforce,2026,,https://www.linkedin.com/in/allanthygesen,6
Ally Siegel,Chief Equality and Engagement Officer,Salesforce,unknown,other,speaker,Dreamforce,2026,,,6
Alon Arvatz,CEO,PointFive,c_level,other,speaker,Dreamforce,2026,,https://il.linkedin.com/in/alon-arvatz,6
Amanda Kopen,,HubSpot,unknown,other,speaker,INBOUND,2026,How to Win at AEO With Zero Budget,https://www.linkedin.com/in/amanda-kopen,6
America Ferrera,"Award-Winning Actor, Director & Producer",,director,other,speaker,Dreamforce,2026,,,6
Amy Franko,,,unknown,other,speaker,OutBound Conference,2026,,https://linkedin.com/in/AmyFranko,6
Andrew Ng,"Founder, DeepLearning.AI; Managing General Partner",AI Fund,c_level,people,speaker,Dreamforce,2026,,https://www.linkedin.com/in/andrewyng,6
Angela DeFranco,,HubSpot,unknown,other,speaker,INBOUND,2026,Inside Marketing Hub: Reclaiming Purpose in Marketing,https://www.linkedin.com/in/angela-defranco-b579423b,6
Anthony Iannarino,Sales Kickoff Speaker,Best Selling Author,unknown,sales,speaker,OutBound Conference,2026,,http://www.linkedin.com/in/iannarino,6
Ari Echt-Wilson,,HubSpot,unknown,other,speaker,INBOUND,2026,AI Email That Converts—Without Sounding Like a Robot,https://fr.linkedin.com/in/ariechtwilson,6
Athina Kanioura,"EVP, Chief Strategy & Transformation Officer",PepsiCo,c_level,other,speaker,Dreamforce,2026,,https://www.linkedin.com/in/dr-athina-kanioura,6
Ayesha Javed,Senior Editor,TIME,senior,other,speaker,Dreamforce,2026,,https://www.linkedin.com/in/ayesha-javed-08446b290,6
Baratunde Thurston,"Writer, Activist & Comedian",,unknown,other,speaker,Dreamforce,2026,,,6
Barinder Rasode,Co-Founder & CEO,Tersa,c_level,other,speaker,Dreamforce,2026,,https://ca.linkedin.com/in/barinder-rasode-b0160226,6
Berkeley Harris,,,unknown,other,speaker,Sandler Summit,2026,The Human Code in the Age of AI Sales,,6
Bozoma Saint John,Forbes’ #1 Most Influential CMO,,c_level,marketing,speaker,Dreamforce,2026,,,6
Brad Lightcap,COO,OpenAI,c_level,operations,speaker,Dreamforce,2026,,https://www.linkedin.com/in/bradlightcap,6
Brenna Zenaty,,HubSpot,unknown,other,speaker,INBOUND,2026,Lab: From Data Chaos to Clarity With HubSpot Smart CRM,https://www.linkedin.com/in/brenna-zenaty,6
Brett Adcock,Founder & CEO,Figure,c_level,other,speaker,Dreamforce,2026,,https://www.linkedin.com/in/brettadcock,6
Brian Kavicky,,,unknown,other,speaker,Sandler Summit,2026,The Devil is in the Details,,6
Brian Minick,,ZeroBounce,unknown,other,speaker,INBOUND,2026,"Teardown Live! Data Pitfalls, Fixes, and Hidden Gems",https://www.linkedin.com/in/brian-minick,6
Brian Niccol,Chairman & CEO,Starbucks Coffee Company,c_level,data,speaker,Dreamforce,2026,,https://www.linkedin.com/in/brianniccol,6
Bryan Johnson,Founder & CEO,Blueprint & Don’t Die,c_level,other,speaker,Dreamforce,2026,,https://www.linkedin.com/in/bryanrjohnson,6
Bryson DeChambeau,2x Major Championship Winner,"Captain, Crushers GC",unknown,other,speaker,Dreamforce,2026,,,6
Cal Thomas,,,unknown,other,speaker,Sandler Summit,2026,The Signal vs Noise: The Hidden Variable to Success,,6
Carlos Garrido,,,unknown,other,speaker,Sandler Summit,2026,How supportive are your selling beliefs... and how much is it costing you?,,6
Carole Mahoney,,Unbound Growth,unknown,other,speaker,INBOUND,2026,Founder-Led Sales: How to Win Paying Customers,https://www.linkedin.com/in/carolemahoney,6
Catherine Nichols,Chief Accessibility Officer,Salesforce,unknown,other,speaker,Dreamforce,2026,,https://www.linkedin.com/in/catherinecnichols,6
Chandni Desai,,HubSpot,unknown,other,speaker,INBOUND,2026,Meetup: Sales and Revenue Leader Roundtable,https://in.linkedin.com/in/chandni-desai,6
Chase Lochmiller,Co-Founder & CEO,Crusoe,c_level,other,speaker,Dreamforce,2026,,https://www.linkedin.com/in/chase-lochmiller-604483341,6
Chris Drouin,,,unknown,other,speaker,Sandler Summit,2026,The Psychology Behind the 30-Second Commercial,,6
Chris Kelly,,,unknown,other,speaker,Sandler Summit,2026,The Signal vs Noise: The Hidden Variable to Success,,6
Chris McDonell,,,unknown,other,speaker,Sandler Summit,2026,Know Your Buyer: Selling to the Person Behind the Persona,,6
Christian van Maaren,Founder & CEO,Excess Materials Exchange,c_level,other,speaker,Dreamforce,2026,,https://nl.linkedin.com/in/cvanmaaren,6
Clint Babcock,,,unknown,other,speaker,Sandler Summit,2026,Sandler Your Way: How to Flex the System Without Breaking the Rules,,6
Colleen Stanley,Keynote Speaker,Best Selling Author,unknown,other,speaker,OutBound Conference,2026,,https://www.linkedin.com/in/colleenstanleysli/,6
Curtis Schroeder,,,unknown,other,speaker,Sandler Summit,2026,The Signal vs Noise: The Hidden Variable to Success,,6
Custom Growth Solutions,,,unknown,other,speaker,Sandler Summit,2026,The Power of Presence: Staying Focused and In Control in Sales Conversations,,6
Dahlia El Gazzar,,DAHLIA+Agency,unknown,other,speaker,INBOUND,2026,Meetup: Event Pros Insider Strategies and Networking,https://www.linkedin.com/in/queenofevents,6
Dale Bertrand,,Fire&Spark,unknown,other,speaker,INBOUND,2026,Zero-Click SEO Conversion Strategies: AI and Google Search,https://www.linkedin.com/in/dalebertrand,6
Daniel Disney,,The Daily Sales Ltd,unknown,other,speaker,INBOUND,2026,Teardown Live! Sales Navigator InMail,https://uk.linkedin.com/in/danieldisney,6
Daniel Jacobson,,HubSpot,unknown,other,speaker,INBOUND,2026,HubSpot Developer Platform: Showcase and AMA,https://www.linkedin.com/in/daniel-jacobson,6
Daniel White,Co-Founder & CEO,Gentian Ltd,c_level,other,speaker,Dreamforce,2026,,https://uk.linkedin.com/in/daniel-white-environment,6
"David Fajgenbaum, M.D., MBA, MSc",Co-Founder & President,Every Cure,c_level,other,speaker,Dreamforce,2026,,https://www.linkedin.com/in/davidfajgenbaum,6
David Mattson,,,unknown,other,keynote,Sandler Summit,2026,"Smarter Sales: Enabled by Technology, Fueled by People",,6
David Williams,,,unknown,other,speaker,Sandler Summit,2026,Building and Scaling A Great Company,,6
Deepak Pathak,Co-Founder & CEO,Skild AI,c_level,other,speaker,Dreamforce,2026,,https://www.linkedin.com/in/pathak22,6
Director of Enterprise Marketing,,,unknown,other,speaker,Sandler Summit,2026,The Power of Presence: Staying Focused and In Control in Sales Conversations,,6
Dounia Senawi,U.S. Chief Commercial Officer,Deloitte,c_level,sales,speaker,Dreamforce,2026,,https://www.linkedin.com/in/dounia-senawi,6
Dr. Rebecca Heiss,,,unknown,other,keynote,Sandler Summit,2026,Fear(less) Mindset,,6
Dr. Siva Kumari,CEO,College Possible,c_level,other,speaker,Dreamforce,2026,,https://www.linkedin.com/in/monica-laddaran,6
Dr. Varun Sivaram,Founder & CEO,Emerald AI,c_level,other,speaker,Dreamforce,2026,,https://www.linkedin.com/in/varunsivaram,6
Dragan Vojvodic,,,unknown,other,speaker,Sandler Summit,2026,The Power of Presence: Staying Focused and In Control in Sales Conversations,,6
"Edward Chang, M.D.",Chair of Neurological Surgery,UCSF,unknown,data,speaker,Dreamforce,2026,,,6
Ellen Pompeo,Actress & Producer,,unknown,other,speaker,Dreamforce,2026,,,6
Emily Davidson,,,unknown,other,speaker,Sandler Summit,2026,Welcome to Sandler's 2026 Summit!,,6
Emily Shaw,,,unknown,other,speaker,Sandler Summit,2026,All Prospects Lie All the Time... Unless They Don't Have To,,6
Emily Yepes,,,unknown,other,speaker,Sandler Summit,2026,How supportive are your selling beliefs... and how much is it costing you?,,6
Enrique Lores,President & CEO,HP Inc.,c_level,other,speaker,Dreamforce,2026,,https://www.linkedin.com/in/enriquelores,6
Eric Siu,CEO,Single Grain,c_level,other,speaker,INBOUND,2026,$0.25 AI SEO: Rank Everywhere for the Price of a Stamp,https://www.linkedin.com/in/ericosiu,6
Evan Smith,Co-Founder & CEO,Altana,c_level,other,speaker,Dreamforce,2026,,https://www.linkedin.com/in/evan-smith-39516b8,6
Gerry Weinberg & Associates,,,unknown,other,speaker,Sandler Summit,2026,Sandler Your Way: How to Flex the System Without Breaking the Rules,,6
Glenn Mattson,,,unknown,other,speaker,Sandler Summit,2026,,,6
Gregory Offner,,,unknown,other,keynote,Sandler Summit,2026,"Author, Workforce Strategist, Award-Winning Speaker",,6
Guillermo Rauch,Founder & CEO,Vercel,c_level,other,speaker,Dreamforce,2026,,https://www.linkedin.com/in/rauchg,6
Guy Raz,"Award-Winning Podcast Creator, Author, Radio Personality & Journalist",,unknown,other,speaker,Dreamforce,2026,,,6
H.E. Abdullah Alswaha,"Minister of Communications & Information Technology, Kingdom of Saudi Arabia; Board Member, HUMAIN",,unknown,marketing,speaker,Dreamforce,2026,,,6
Helen Fanucci,Author,Sales Leadership Expert,unknown,other,speaker,OutBound Conference,2026,,http://www.linkedin.com/in/iannarino,6
James Abraham,,,unknown,other,speaker,Sandler Summit,2026,The Signal vs Noise: The Hidden Variable to Success,,6
Jeb Blount,CEO at Sales Gravy,Author,c_level,sales,speaker,OutBound Conference,2026,,https://www.linkedin.com/in/jebblount,6
Jeff Borovitz,,,unknown,other,speaker,Sandler Summit,2026,Sandler Your Way: How to Flex the System Without Breaking the Rules,,6
Jeff Kushmerek,,Infinite Renewals,unknown,other,speaker,INBOUND,2026,How We Decreased Customer Churn by 28%,https://www.linkedin.com/in/jeffkushmerek,6
Jesse Eisenberg,"Academy Award-Nominated Actor & Filmmaker, Acclaimed Playwright & Author",,unknown,data,speaker,Dreamforce,2026,,,6
Jessica Sibley,CEO,TIME,c_level,other,speaker,Dreamforce,2026,,https://www.linkedin.com/in/jessicasibley,6
Jim Wilcox,,,unknown,other,speaker,Sandler Summit,2026,Know Your Buyer: Selling to the Person Behind the Persona,,6
John Rosso,,,unknown,other,speaker,Sandler Summit,2026,Consistency as a Superpower: The Hidden Edge of Top Performers,,6
Jordan Ledwein,,,unknown,other,speaker,Sandler Summit,2026,All Prospects Lie All the Time... Unless They Don't Have To,,6
Joshua Jackson,Actor & Producer,,unknown,other,speaker,Dreamforce,2026,,,6
Joshua Perk,,Vector,unknown,other,speaker,INBOUND,2026,The Next Big AIdea,https://www.linkedin.com/in/joshuaperk,6
Julie Lugten,,HubSpot,unknown,other,speaker,INBOUND,2026,Lab: Making Customer Success Impact Undeniable,,6
Julie Sweet,Chair & CEO,Accenture,c_level,data,speaker,Dreamforce,2026,,https://www.linkedin.com/in/julie-sweet,6
Jumana Al Hashal,Co-Founder & CEO,voltair.ai,c_level,other,speaker,Dreamforce,2026,,https://www.linkedin.com/in/objectivejay,6
Justin Lopas,COO & Co-Founder,Base Power,c_level,operations,speaker,Dreamforce,2026,,https://www.linkedin.com/in/justinlopas,6
Kara Hurst,Chief Sustainability Officer,Amazon,c_level,data,speaker,Dreamforce,2026,,https://www.linkedin.com/in/mecca,6
Kate Brandt,Chief Sustainability Officer,Google,c_level,data,speaker,Dreamforce,2026,,https://www.linkedin.com/in/katebrandt,6
Keith Lubner,EVP,"Head of Training and Consulting, Sales Gravy",evp,other,speaker,OutBound Conference,2026,,https://www.linkedin.com/in/keith-lubner-b655571/,6
Kerri Martinek,,,unknown,other,speaker,Sandler Summit,2026,Know Your Buyer: Selling to the Person Behind the Persona,,6
Kerri-Martinek,,,unknown,other,speaker,Sandler Summit,2026,Welcome to Sandler's 2026 Summit!,,6
Kipp Bodnar,,HubSpot,unknown,other,speaker,INBOUND,2026,The Next Big AIdea,https://www.linkedin.com/in/kippbodnar,6
Kyle Denhoff,,HubSpot,unknown,other,speaker,INBOUND,2026,Creator CEO Playbook: Solopreneur to Media Corp in 2025,https://www.linkedin.com/in/kyledenhoff,6
Kyle Jepson,,HubSpot,unknown,other,speaker,INBOUND,2026,HubSpot Admin Pro Tips: Hidden Gems and Advanced Techniques,https://www.linkedin.com/in/kyleanthonyjepson,6
Laura Alber,CEO,"Williams-Sonoma, Inc.",c_level,other,speaker,Dreamforce,2026,,https://www.linkedin.com/in/maffei-rc,6
Lauren Noonan,,,unknown,other,speaker,Sandler Summit,2026,The Devil is in the Details,,6
Leadership Track,,,unknown,other,speaker,Sandler Summit,2026,How supportive are your selling beliefs... and how much is it costing you?,,6
Leah McGowen-Hare,"SVP, Forward-Deployed Engineering, Global Growth & Impact",Salesforce,svp,engineering,speaker,Dreamforce,2026,,https://www.linkedin.com/in/leah-mcgowen-hare-msed,6
Lindon Gao,Co-Founder & CEO,Dyna Robotics,c_level,other,speaker,Dreamforce,2026,,https://www.linkedin.com/in/lindon-gao,6
Lisa Ellis,,,unknown,other,speaker,Sandler Summit,2026,The Psychology Behind the 30-Second Commercial,,6
Maithra Raghu,Founder & CEO,Samaya AI,c_level,other,speaker,Dreamforce,2026,,https://www.linkedin.com/in/maithra-raghu,6
Marc Benioff,"Chair, CEO & Co-Founder",Salesforce,c_level,data,speaker,Dreamforce,2026,,https://www.linkedin.com/in/marcbenioff,6
Marcus Lemonis,"CEO, Camping World; Executive Chairman","Bed Bath & Beyond; Host, Fox Business’ “The Fixer”",c_level,data,speaker,Dreamforce,2026,,,6
Maria Shriver,"Award-Winning Journalist, NYT Bestselling Author, Entrepreneur & Advocate",,unknown,other,speaker,Dreamforce,2026,,,6
Matt Neuberger,,,unknown,other,speaker,Sandler Summit,2026,How supportive are your selling beliefs... and how much is it costing you?,,6
Matthew Alex Ruxton,,Ignite Reading,unknown,other,speaker,INBOUND,2026,Segmentation Magic: Data Hub and Marketing Hub Unite,https://www.linkedin.com/in/matthewaruxton,6
Matthew McConaughey,"Academy-Award Winning Actor, NYT Bestselling Author & Salesforce Brand Partner",,c_level,sales,speaker,Dreamforce,2026,,,6
Maximum Performance Management,,,unknown,other,speaker,Sandler Summit,2026,The Psychology Behind the 30-Second Commercial,,6
May Habib,Co-Founder & CEO,WRITER,c_level,other,speaker,Dreamforce,2026,,https://www.linkedin.com/in/may-habib,6
McDonell Consulting Group,,,unknown,other,speaker,Sandler Summit,2026,Know Your Buyer: Selling to the Person Behind the Persona,,6
Mel Robbins,"Creator & Host, “The Mel Robbins Podcast” & #1 NYT Bestselling Author",,unknown,other,speaker,Dreamforce,2026,,,6
Michael Norton,,,unknown,other,speaker,Sandler Summit,2026,How supportive are your selling beliefs... and how much is it costing you?,,6
Mike Crandall,,,unknown,other,speaker,Sandler Summit,2026,The Power of Presence: Staying Focused and In Control in Sales Conversations,,6
Mike Jones,,,unknown,other,speaker,Sandler Summit,2026,The Devil is in the Details,,6
Miriam Vogel,President & CEO,EqualAI,c_level,other,speaker,Dreamforce,2026,,https://www.linkedin.com/in/miriamvogelai,6
Nancy Harhut,,HBT Marketing,unknown,other,speaker,INBOUND,2026,9 Counterintuitive Tactics Smart Marketers Can Exploit,https://www.linkedin.com/in/nancyharhut,6
Nigel Dunand,,,unknown,other,speaker,Sandler Summit,2026,The Power of Presence: Staying Focused and In Control in Sales Conversations,,6
Nikhil Kumar,Executive Editor,TIME,unknown,other,speaker,Dreamforce,2026,,https://www.linkedin.com/in/nikhil-kumar-050a9a19,6
Percy Liang,"Associate Professor, Stanford University & Co-Founder, Together AI",,ic,data,speaker,Dreamforce,2026,,,6
Refik Anadol,"Media Artist & Director, Refik Anadol Studio; Co-Founder",Dataland,c_level,other,speaker,Dreamforce,2026,,https://www.linkedin.com/in/refikanadol,6
Richard Smith,"COO, International & CEO, Airline",FedEx,c_level,operations,speaker,Dreamforce,2026,,https://www.linkedin.com/in/richard-smith-b3134240,6
Richard Socher,Founder & CEO,You.com,c_level,other,speaker,Dreamforce,2026,,https://www.linkedin.com/in/richardsocher,6
Rob Lowe,"Hollywood Icon, Actor, Producer, Director & Author",,director,other,speaker,Dreamforce,2026,,,6
Sales Lift,,,unknown,other,speaker,Sandler Summit,2026,All Prospects Lie All the Time... Unless They Don't Have To,,6
Sarah Greer,Award Winning Sales & Leadership Trainer and Coach,,unknown,sales,speaker,OutBound Conference,2026,,https://www.linkedin.com/in/sarah-greer-a157987/,6
Sarah Kodadek,,,unknown,other,speaker,Sandler Summit,2026,Sandler Your Way: How to Flex the System Without Breaking the Rules,,6
Sarika Garg,,HubSpot,unknown,other,speaker,INBOUND,2026,Time Kills Deals. AI CPQ Is Here.,https://www.linkedin.com/in/sarikagarg,6
Scott Bliss,,,unknown,other,speaker,Sandler Summit,2026,The Psychology Behind the 30-Second Commercial,,6
Scott O’Neil,CEO,LIV Golf,c_level,other,speaker,Dreamforce,2026,,,6
Seth Marrs,,,unknown,other,speaker,Sandler Summit,2026,"The Future of Sales is a Story About Iron Man, not The Terminator",,6
Sofia Rodriguez,,,unknown,other,speaker,Sandler Summit,2026,Know Your Buyer: Selling to the Person Behind the Persona,,6
Soledad O'Brien,CEO,Soledad O'Brien Productions,c_level,other,speaker,Dreamforce,2026,,https://www.linkedin.com/in/ej-offurum-3b43379,6
Stephane Moulec,CTO,Good360,c_level,other,speaker,Dreamforce,2026,,https://www.linkedin.com/in/stephanemoulec,6
Stuart Russell,Director,Center for Human-Compatible Artificial Intelligence,director,other,speaker,Dreamforce,2026,,https://www.linkedin.com/in/stuartjonathanrussell,6
Sundar Pichai,CEO,Google and Alphabet,c_level,other,speaker,Dreamforce,2026,,https://www.linkedin.com/in/sundarpichai,6
Sunny Gupta,Acting CEO & Executive Chair,Smartsheet,c_level,data,speaker,Dreamforce,2026,,https://www.linkedin.com/in/sgupta85,6
Sunshine Levin,,,unknown,other,speaker,Sandler Summit,2026,All Prospects Lie All the Time... Unless They Don't Have To,,6
Sydney Sloan,,G2,unknown,other,speaker,INBOUND,2026,How Top CMOs Are Using AI To Build B2B Creativity and Impact,https://www.linkedin.com/in/sydsloan,6
Tech-Enabled Sales Track,,,unknown,other,speaker,Sandler Summit,2026,How supportive are your selling beliefs... and how much is it costing you?,,6
Tekedra Mawakana,co-CEO,Waymo,unknown,other,speaker,Dreamforce,2026,,,6
The Comfort of Discomfort,,,unknown,other,speaker,Sandler Summit,2026,,,6
The Ruby Group,,,unknown,other,speaker,Sandler Summit,2026,The Devil is in the Details,,6
Thomas Niesen,,,unknown,other,speaker,Sandler Summit,2026,All Prospects Lie All the Time... Unless They Don't Have To,,6
Tim Goering,,,unknown,other,speaker,Sandler Summit,2026,The Psychology Behind the 30-Second Commercial,,6
Tyler Samani-Sprunk,,Simple Strat,unknown,other,speaker,INBOUND,2026,"Interactive Workflow Automation: You Vote, We Build—LIVE!",https://www.linkedin.com/in/tylersamanisprunk,6
Unstoppable,,,unknown,other,keynote,Sandler Summit,2026,"American Ninja Warrior, Award-Winning Leader, Entertainer",,6
Wilcox & Associates,,,unknown,other,speaker,Sandler Summit,2026,Know Your Buyer: Selling to the Person Behind the Persona,,6
Xilian Sansoucy,,HubSpot,unknown,other,speaker,INBOUND,2026,Scaling With AI: Growth Lessons From Early Founders,https://www.linkedin.com/in/xiliansansoucy,6
Yoshiki,"Japan's Biggest Rock Star, Fashion Designer & Cultural Icon, Founder of Melodee AI",,c_level,data,speaker,Dreamforce,2026,,,6
will.i.am,Founder & CEO,FYI.ai,c_level,other,speaker,Dreamforce,2026,,https://www.linkedin.com/in/lillykam,6
"Acuity Training Systems, Inc.",,,unknown,other,speaker,Sandler Summit,2026,All Prospects Lie All the Time... Unless They Don't Have To,,5
"Chairman, Trilliad",,,unknown,other,speaker,Sandler Summit,2026,Building and Scaling A Great Company,,5
"Chief Strategy Officer, Sandler",,,unknown,other,speaker,Sandler Summit,2026,"The Future of Sales is a Story About Iron Man, not The Terminator",,5
"Corporate Facilitator, Sandler",,,unknown,other,speaker,Sandler Summit,2026,Know Your Buyer: Selling to the Person Behind the Persona,,5
"Executive Chairman, Sandler",,,unknown,other,keynote,Sandler Summit,2026,"Smarter Sales: Enabled by Technology, Fueled by People",,5
"Head of Partnerships, Sandler",,,unknown,other,speaker,Sandler Summit,2026,All Prospects Lie All the Time... Unless They Don't Have To,,5
"Head of Product, Sandler",,,unknown,other,speaker,Sandler Summit,2026,The Psychology Behind the 30-Second Commercial,,5
Keynote Speaker: Gregory Offner,,,unknown,other,keynote,Sandler Summit,2026,"Author, Workforce Strategist, Award-Winning Speaker",,5
Lushin,,,unknown,other,speaker,Sandler Summit,2026,All Prospects Lie All the Time... Unless They Don't Have To,,5
"MakingLuck, Inc.",,,unknown,other,speaker,Sandler Summit,2026,The Psychology Behind the 30-Second Commercial,,5
Mattson Enterprises Inc.,,,unknown,other,speaker,Sandler Summit,2026,,,5
"Peak Performance Partners, LLC",,,unknown,other,speaker,Sandler Summit,2026,How supportive are your selling beliefs... and how much is it costing you?,,5
"Sandler Birmingham, UK",,,unknown,other,speaker,Sandler Summit,2026,The Power of Presence: Staying Focused and In Control in Sales Conversations,,5
Sandler Bristol UK,,,unknown,other,speaker,Sandler Summit,2026,The Human Code in the Age of AI Sales,,5
Sandler Israel,,,unknown,other,speaker,Sandler Summit,2026,The Signal vs Noise: The Hidden Variable to Success,,5
Sandler Serbia,,,unknown,other,speaker,Sandler Summit,2026,The Power of Presence: Staying Focused and In Control in Sales Conversations,,5
Sandler Tampa Bay,,,unknown,other,speaker,Sandler Summit,2026,Sandler Your Way: How to Flex the System Without Breaking the Rules,,5
Sandler Toronto,,,unknown,other,speaker,Sandler Summit,2026,The Signal vs Noise: The Hidden Variable to Success,,5
"Stress Physiologist, Author",,,unknown,other,keynote,Sandler Summit,2026,Fear(less) Mindset,,5
"Tailwind, Inc.",,,unknown,other,speaker,Sandler Summit,2026,The Signal vs Noise: The Hidden Variable to Success,,5
AJ Bruno,,QuotaPath,unknown,other,speaker,INBOUND,2026,5 Ways To Use HubSpot To Drive Best-In-Class Growth,https://www.linkedin.com/in/ajbruno3,4
AJ Wilcox,,B2Linked.com,unknown,other,speaker,INBOUND,2026,LinkedIn Ads Deep Dive: Get Big Discounts on Your Traffic,https://www.linkedin.com/in/wilcoxaj,4
Abiola Owolewa,,HubSpot,unknown,other,speaker,INBOUND,2026,What's New for Service With HubSpot,https://www.linkedin.com/in/abiola-owolewa,4
Adam Coccari,,HubSpot,unknown,other,speaker,INBOUND,2026,The AI Growth Stack: VC Insights on the New GTM Playbook,https://www.linkedin.com/in/adam-coccari-9932a134,4
Adam Harder,,InPress,unknown,other,speaker,INBOUND,2026,The Next Big AIdea,https://www.linkedin.com/in/adam-harder,4
Adam Stahl,,media junction®,unknown,other,speaker,INBOUND,2026,AI-Power Your Sales Process Without Becoming a Robot,https://www.linkedin.com/in/adam-stahl-44857632,4
Adriti Gulati,,HubSpot,unknown,other,speaker,INBOUND,2026,Lab: Building a Proactive Customer Support Strategy,https://www.linkedin.com/in/adriti-gulati,4
Aimee Catalano,,Google,unknown,other,speaker,INBOUND,2026,AI Powered Sales and Marketing With Google Workspace,https://www.linkedin.com/in/aimeecatalano,4
Alan Gould,,MutualMarkets,unknown,other,speaker,INBOUND,2026,Solving the Marketing Mystery: AI-Powered Brand Partnerships,https://www.linkedin.com/in/alangould,4
Alanah Joseph,,HubSpot,unknown,other,speaker,INBOUND,2026,Beating Burnout: Use Personal Growth to Drive SuccessAl,https://www.linkedin.com/in/alanahjoseph,4
Alejavi Rivera,,AI VENTURE SL,unknown,other,speaker,INBOUND,2026,AI Creator Studio: Scale Video Content With Smart Tools,https://es.linkedin.com/in/alejavirivera,4
Alex Hinkle,,Make,unknown,other,speaker,INBOUND,2026,Tools for Growth: What 8K HubSpot Customers Automate With AI,https://www.linkedin.com/in/alexthink,4
Alexandra Clifford,,HubSpot,unknown,other,speaker,INBOUND,2026,Meetup: Humanizing the Healthcare Patient Experience,https://www.linkedin.com/in/alexandra-clifford,4
Alexandra Kendall,,Youth Enrichment Brands,unknown,other,speaker,INBOUND,2026,Enterprise Marketing Principles for Personalized Experiences,,4
Alexis Eaglin,,Simple Strat,unknown,other,speaker,INBOUND,2026,"Interactive Workflow Automation: You Vote, We Build—LIVE!",https://www.linkedin.com/in/alexiseaglin,4
Ali Schwanke,,Simple Strat,unknown,other,speaker,INBOUND,2026,"Interactive Workflow Automation: You Vote, We Build—LIVE!",https://www.linkedin.com/in/alischwanke,4
Alice Walker,,LeanData,unknown,other,speaker,INBOUND,2026,HubSpot for Marketing. Different CRM. 1 Seamless GTM Motion.,https://www.linkedin.com/in/aliceawalker,4
Alok Shukla,,FunnelStory,unknown,other,speaker,INBOUND,2026,Tools for Growth: Fighting Surprise Churn With Math and AI,https://www.linkedin.com/in/akshukla,4
Alyona Mysko,,Fuelfinance,unknown,other,speaker,INBOUND,2026,Building a Data-Driven Marketing Budget That Works,https://www.linkedin.com/in/alyona-mysko,4
Amanda Huffman,,HubSpot,unknown,other,speaker,INBOUND,2026,How the HubSpot Blog Is Adapting to the Shifts in Search,https://www.linkedin.com/in/alhuffman,4
Amanda Schumacher,,HubSpot,unknown,other,speaker,INBOUND,2026,ENCORE: What's New for Marketers With HubSpot,https://www.linkedin.com/in/am-schumacher,4
Amanda Sellers,,HubSpot,unknown,other,speaker,INBOUND,2026,How the HubSpot Blog Is Adapting to the Shifts in Search,https://www.linkedin.com/in/amanda-edens,4
Amber Bachlani,,HubSpot,unknown,other,speaker,INBOUND,2026,What's New for Service With HubSpot,https://www.linkedin.com/in/amberbachlani,4
Amber Giannone,,Stack Adapt,unknown,other,speaker,INBOUND,2026,,https://www.linkedin.com/in/amber-giannone-a6145077,4
Amy Chamness,,HubSpot,unknown,other,speaker,INBOUND,2026,Enterprise Marketing Principles for Personalized Experiences,https://www.linkedin.com/in/amy-chamness-29842591,4
Amy Poehler,,Paper Kite Productions,unknown,other,speaker,INBOUND,2026,"The Art of Yes, And: Amy Poehler's Improv-Driven Success",https://www.linkedin.com/in/jordan-grief-189384308,4
Anand Malto,,JustCall,unknown,other,speaker,INBOUND,2026,Tools for Growth: No Missed Calls With 24/7 AI Voice Agents,https://in.linkedin.com/in/anandmalto,4
Anand Narasimhan,,S-Docs,unknown,other,speaker,INBOUND,2026,Tools for Growth: Fix Contract Chaos With Automation,,4
Andi Bricklin,,Aramark,unknown,other,speaker,INBOUND,2026,"Content That Scales Your Impact, Not Your Output",https://www.linkedin.com/in/andibricklin,4
Andres Bustos,,HubSpot,unknown,other,speaker,INBOUND,2026,Winning With Relevance: AI-Powered Segmentation and Personalization,https://www.linkedin.com/in/andrespbustos,4
Andrew Amann,,NineTwoThree AI Studio,unknown,other,speaker,INBOUND,2026,24/7 HubSpot: Deploying Personal AI Agents to Work for You,https://www.linkedin.com/in/andrewamann,4
Andrew Mallen,,HubSpot,unknown,other,speaker,INBOUND,2026,AI-Powered Email: From Idea to Inbox in Minutes,https://www.linkedin.com/in/andrew-mallen-3088ba8,4
Angie O'Dowd,,HubSpot,unknown,other,speaker,INBOUND,2026,,,4
Angélica Medina,,In lak’ech Dance Academy,unknown,other,speaker,INBOUND,2026,Meetup: The Spot Bachata Class,,4
Ankur Gupta,,HubSpot,unknown,other,speaker,INBOUND,2026,ENCORE: What's New for Marketers With HubSpot,https://www.linkedin.com/in/ankurguptami,4
Anne Morriss,,The Leadership Consortium,unknown,other,speaker,INBOUND,2026,"Hard Things, Strong People: Glennon Doyle on Resilience",https://www.linkedin.com/in/anne-morriss,4
Anthony Alves,,LeanData,unknown,other,speaker,INBOUND,2026,HubSpot for Marketing. Different CRM. 1 Seamless GTM Motion.,https://www.linkedin.com/in/anthony-alves-vi,4
Aravind Srinivas,,Perplexity,unknown,other,speaker,INBOUND,2026,Curiosity at Work,https://www.linkedin.com/in/aravind-srinivas-16051987,4
Arjun Mahadevan,,doola,unknown,other,speaker,INBOUND,2026,Unlocking Data Magic for Sales and Marketing,https://www.linkedin.com/in/mahadevanarjun,4
Ashley Faus,,Atlassian,unknown,other,speaker,INBOUND,2026,DEBATE: Why Founder-Led Brands Falter,https://www.linkedin.com/in/ashleyfaus,4
Atul Raghunathan,,Hyperbound,unknown,other,speaker,INBOUND,2026,Tools for Growth: AI Sales Roleplays for Sales Enablement,https://www.linkedin.com/in/atul-raghunathan,4
Ben Berkley,,HubSpot,unknown,other,speaker,INBOUND,2026,The Next Big AIdea,https://www.linkedin.com/in/ben-berkley-99a1191b,4
Ben Conte,,HubSpot,unknown,other,speaker,INBOUND,2026,How to Run Modern Competitive Marketing,https://www.linkedin.com/in/ben-conte,4
Beth Dunn,,Agent.ai,unknown,other,speaker,INBOUND,2026,The Creative's Guide to AI: Thriving in the Age of Agents,https://www.linkedin.com/in/bethdunn,4
Betty Mok,,Consensus,unknown,other,speaker,INBOUND,2026,Fuel Pipeline and Close Deals in the Anti-Social Buyer Era ,https://www.linkedin.com/in/bettymok,4
Bhargava Gade,,HubSpot,unknown,other,speaker,INBOUND,2026,The AI Concierge: Transforming Your Front Office With Customer Agent,https://www.linkedin.com/in/bhargava-gade-12534163/,4
Bianca Recto,,HubSpot,unknown,other,speaker,INBOUND,2026,What's New for Service With HubSpot,https://www.linkedin.com/in/bianca-recto,4
Bill Henry,,NetLine,unknown,other,speaker,INBOUND,2026,"Tools for Growth: Capture, Qualify, and Convert With NetLine",https://www.linkedin.com/in/wlhenry1183,4
Bill Stathopoulos,,SalesCaptain,unknown,other,speaker,INBOUND,2026,Building the GTM Motion of 2026 With Clay and AI Agents,https://www.linkedin.com/in/billstath,4
Bowie Sievers,,HubSpot,unknown,other,speaker,INBOUND,2026,What's New for Marketers With HubSpot,https://www.linkedin.com/in/bowie-sievers-89917340,4
Brandon Greer,,HubSpot,unknown,other,speaker,INBOUND,2026,How to Get Your Business Venture Capital Ready,https://www.linkedin.com/in/brandon-greer,4
Bree Hall,,HubSpot,unknown,other,speaker,INBOUND,2026,,,4
Brenda Lando Fridman,,HubSpot,unknown,other,speaker,INBOUND,2026,"HubSpot Sales, Unfiltered: Real Lessons From SMB Growth Machine",https://www.linkedin.com/in/brendalandofridman,4
Brian Gorbett,,HubSpot,unknown,other,speaker,INBOUND,2026,,https://www.linkedin.com/in/gorbett,4
Brian Halligan,,HubSpot,unknown,other,speaker,INBOUND,2026,HubSpot Hot Ones,https://www.linkedin.com/in/brianhalligan,4
Brianna Doe,,Verbatim,unknown,other,speaker,INBOUND,2026,Influencers Aren’t Billboards. Stop Treating Them Like One,,4
Brooke Bond,,HubSpot,unknown,other,speaker,INBOUND,2026,,https://www.linkedin.com/in/brooke-fisher-bond,4
Bruno Amico,,Tropical Hub,unknown,other,speaker,INBOUND,2026,Meetup: Networking for Spanish and Portuguese Speakers,https://br.linkedin.com/in/bruamico,4
Bryan Brown,,GTM Partners,unknown,other,speaker,INBOUND,2026,ENCORE: GTM Growth Decoded With Sangram Vajre,https://www.linkedin.com/in/getvision,4
Bryetta Calloway,,Stories Seen,unknown,other,speaker,INBOUND,2026,The Science of Visibility: Storytelling That Builds Trust,,4
Caden Broussard,,Cello,unknown,other,speaker,INBOUND,2026,The Next Big AIdea,https://www.linkedin.com/in/caden-broussard-90985a90,4
Caleb Edwards,,GreenHouse Agency,unknown,other,speaker,INBOUND,2026,Meetup: Financial Services: Building Client Trust for Life,https://www.linkedin.com/in/calebedwards,4
Calum Kilgour,,SlingShot Edge,unknown,other,speaker,INBOUND,2026,,https://uk.linkedin.com/in/calumkilgour,4
Cara Jankowski,,HubSpot,unknown,other,speaker,INBOUND,2026,Activating Your Customer Data With the Data Studio,https://www.linkedin.com/in/carajankowski,4
Cas Feder,,HubSpot,unknown,other,speaker,INBOUND,2026,From Beta to Breakthrough: Making Early Adoption Your DNA,,4
Cathy McPhillips,,SmarterX,unknown,other,speaker,INBOUND,2026,State of HubSpot: How the Best Do It Different,https://www.linkedin.com/in/cathymcphillips,4
Chad Holdorf,,Demandbase,unknown,other,speaker,INBOUND,2026,Tools for Growth: Redefining Modern Prospecting,https://www.linkedin.com/in/chadholdorf,4
Chad Reid,,Jotform,unknown,other,speaker,INBOUND,2026,Tools for Growth: 4 Ways AI and Smart Forms Drive Revenue,,4
Charlie Ungashick,,Vimeo,unknown,other,speaker,INBOUND,2026,NextGen Marketing: Reimagining Storytelling With AI Video,https://www.linkedin.com/in/charlieungashick,4
Charlène Lardy Vella,,HubSpot,unknown,other,speaker,INBOUND,2026,Lab: Unifying Your Tech Stack With HubSpot,https://fr.linkedin.com/in/charl%C3%A8ne-lardy-vella,4
Chris Cunningham,,ClickUp,unknown,other,speaker,INBOUND,2026,Supercharge Demand Gen With Quality Leads on TikTok,https://www.linkedin.com/in/chrisclickup,4
Chris Riley,,HubSpot,unknown,other,speaker,INBOUND,2026,Meetup: The Neurodivergent Edge in the Age of AI,https://www.linkedin.com/in/devrel,4
Christian Kletzl,,UserGems,unknown,other,speaker,INBOUND,2026,Tools for Growth: Choose an AI Outbound Agent That Works,https://www.linkedin.com/in/christiankletzl,4
Christian McKenzie,,Lofty Ventures,unknown,other,speaker,INBOUND,2026,How to Get Your Business Venture Capital Ready,https://www.linkedin.com/in/theconsumervc,4
Christian Sibley,,HubSpot,unknown,other,speaker,INBOUND,2026,From Quote Chaos to Closed-Won: HubSpot CPQ in Action,https://www.linkedin.com/in/christian-sibley,4
Christina Garnett,,HeyOrca,unknown,other,speaker,INBOUND,2026,DEBATE: Why Founder-Led Brands Falter,https://www.linkedin.com/in/christinamgarnett,4
Christine Cho,,HubSpot,unknown,other,speaker,INBOUND,2026,Build Your First AI Agent in Breeze Studio,https://www.linkedin.com/in/christineecho,4
Christine Lee,,HubSpot,unknown,other,speaker,INBOUND,2026,Lab: HubSpot Email Marketing Toolkit for the AI Era,https://www.linkedin.com/in/christine-lee-07091b185,4
Christine Maxey,,Groq,unknown,other,speaker,INBOUND,2026,HubSpot for Marketing. Different CRM. 1 Seamless GTM Motion.,https://www.linkedin.com/in/christinemaxey,4
Claire Ebben,,Qualified,unknown,other,speaker,INBOUND,2026,Tools for Growth: Let AI Agents Run Your Event Outreach ,https://www.linkedin.com/in/claire-ebben-11502b86,4
"Co-founder and Co-CEO, Clozd",,,unknown,other,speaker,Sandler Summit,2026,The Psychology Behind the 30-Second Commercial,,4
Colby Kyes,,Wistia,unknown,other,speaker,INBOUND,2026,Tools for Growth: Turn Video Views Into Action With Wistia,https://www.linkedin.com/in/ckyes,4
Colin Gillingham,,HubSpot,unknown,other,speaker,INBOUND,2026,Conversational Enrichment: The Self Generating CRM,https://www.linkedin.com/in/colingillingham,4
Colin Johnson,,Youth Enrichment Brands,unknown,other,speaker,INBOUND,2026,Enterprise Marketing Principles for Personalized Experiences,https://www.linkedin.com/in/colin-w-johnson,4
Colin Jost,,Saturday Night Live,unknown,other,speaker,INBOUND,2026,INBOUND After Hours,https://www.linkedin.com/in/ryanpascal,4
Collette King,,HubSpot,unknown,other,speaker,INBOUND,2026,Inside Service Hub: Building a Unified Post-Sales Journey,https://www.linkedin.com/in/collette-king,4
Connor Jeffers,,hapily,unknown,other,speaker,INBOUND,2026,,https://www.linkedin.com/in/connor-jeffers,4
Courtney Sembler,,"HubSpot, Inc",unknown,other,speaker,INBOUND,2026,ENCORE: Everboarding: The Modern Approach to Onboarding,https://www.linkedin.com/in/courtney-sembler,4
Cristina Criddle,,Financial Times,unknown,other,speaker,INBOUND,2026, How AI Will Change Video,https://www.linkedin.com/in/cristina-criddle-b028ab79,4
Crystal King,,HubSpot,unknown,other,speaker,INBOUND,2026,Lab: AI Prompting for Marketing Excellence,https://www.linkedin.com/in/crystalking,4
Dakota Lowe,,Edelman,unknown,other,speaker,INBOUND,2026,Panel: Behind the Screens – How Agencies Scale Social,https://www.linkedin.com/in/dakotalowe,4
Dane Coles,,LVT,unknown,other,speaker,INBOUND,2026,Rethinking Lead Gen: Your Blueprint for AI Growth,https://www.linkedin.com/in/dane-coles,4
Daniel Lee,,TikTok,unknown,other,speaker,INBOUND,2026,Supercharge Demand Gen With Quality Leads on TikTok,https://www.linkedin.com/in/daniellee5,4
Daniel Murray,,The Marketing Millennials,unknown,other,speaker,INBOUND,2026,5 Tactical Ways To Grow Organically on LinkedIn,https://www.linkedin.com/in/daniel-murray-marketing,4
Daniel Zarick,,Arrows,unknown,other,speaker,INBOUND,2026,DEBATE: AI or Human: Ultimate Customer Retention Showdown,https://www.linkedin.com/in/danielzarick,4
Danisha Lomax,,Digitas,unknown,other,speaker,INBOUND,2026,Panel: Behind the Screens – How Agencies Scale Social,https://www.linkedin.com/in/danisha-lomax,4
Dantley Davis,,ServiceNow,unknown,other,speaker,INBOUND,2026,How Top CMOs Are Using AI To Build B2B Creativity and Impact,https://www.linkedin.com/in/dantley,4
Daryn Smith,,Huble,unknown,other,speaker,INBOUND,2026,,https://za.linkedin.com/in/darynsmith,4
David Cohen,,HubSpot,unknown,other,speaker,INBOUND,2026,,https://www.linkedin.com/in/davidalyncohen,4
David Hunt,,HubSpot,unknown,other,speaker,INBOUND,2026,,https://www.linkedin.com/in/davidjosephhunt,4
David Inman,,SalesAi,unknown,other,speaker,INBOUND,2026,Beyond Automation: Building a High-Trust AI Sales Org,https://www.linkedin.com/in/david-inman-salesai,4
Deren Rehr-Davis,,JustCall,unknown,other,speaker,INBOUND,2026,Tools for Growth: No Missed Calls With 24/7 AI Voice Agents,,4
Dominique Crenn,,"Atelier Crenn, Bar Crenn, and Golden Poppy",unknown,other,speaker,INBOUND,2026,The Sustainable Scale: Growth Lessons From Dominique Crenn,https://www.linkedin.com/in/dominiquecrenn,4
Doug Davidoff,,Lift Enablement,unknown,other,speaker,INBOUND,2026,,https://www.linkedin.com/in/doug-davidoff-76396b1,4
Dr. Mark Hoffman,,Asana,unknown,other,speaker,INBOUND,2026,Maximize AI-Driven Campaign Impact With Asana and HubSpot,,4
Dr. Maya Shankar,,A Slight Change of Plans,unknown,other,speaker,INBOUND,2026,"The Art of Yes, And: Amy Poehler's Improv-Driven Success",,4
Dwarkesh Patel,,Dwarkesh Podcast,unknown,other,speaker,INBOUND,2026,The Future of AI: When Will We See an Intelligence Explosion,https://www.linkedin.com/in/dwarkesh-sp,4
Dylan Sellberg,,HubSpot,unknown,other,speaker,INBOUND,2026,Breeze Agents: Your New Digital Teammates,https://www.linkedin.com/in/dylsell,4
Dylan Wickliffe,,Media Junction,unknown,other,speaker,INBOUND,2026,Meetup: Revenue Leaders Mastering Subscription Growth,https://www.linkedin.com/in/dylanwickliffe,4
EJ Cho,,Tofu,unknown,other,speaker,INBOUND,2026,Signal to Revenue: Personalized Campaigns That Convert,https://www.linkedin.com/in/ej-makes-tofu,4
Edwina Dendler,,Prismic,unknown,other,speaker,INBOUND,2026,Meetup: AI Fails and Lessons You Won't Hear Elsewhere,https://es.linkedin.com/in/edendler,4
Elfried Samba,,Butterfly 3ffect,unknown,other,speaker,INBOUND,2026,Creator CEO Playbook: Solopreneur to Media Corp in 2025,https://uk.linkedin.com/in/elfriedsamba,4
Elias Torres,,Agency,unknown,other,speaker,INBOUND,2026,"Smaller Teams, Bigger Impact: CS in the Age of AI",https://www.linkedin.com/in/eliast,4
Elizabeth Ronco,,Madison Logic,unknown,other,speaker,INBOUND,2026,AI-Powered ABM: Revolutionize Your Marketing Strategy,https://www.linkedin.com/in/elizabeth-ronco,4
Elle Grossenbacher,,Product Marketing Adventures,unknown,other,speaker,INBOUND,2026,DEBATE: Why Founder-Led Brands Falter,https://www.linkedin.com/in/elle3izabeth,4
Emily Davidson,,Sandler,unknown,other,speaker,INBOUND,2026,Transforming Buyer Intent Signals Into Revenue With HubSpot,https://www.linkedin.com/in/emily-davidson-33787a119,4
Emily He,,Gong,unknown,other,speaker,INBOUND,2026,Sound Bites: Bite-Sized Takes on the Future of AI in GTM,https://www.linkedin.com/in/emilyhe1,4
Emma Lynch,,BBD Boom,unknown,other,speaker,INBOUND,2026,,https://uk.linkedin.com/in/emmalynch10,4
Emma Pitts,,PullSpark,unknown,other,speaker,INBOUND,2026,The TwoEleven Matrix™: Solving the Marketing Memory Problem,,4
Emma Stratton,,Punchy,unknown,other,speaker,INBOUND,2026,How to Write Better Messaging for Your AI Product,https://www.linkedin.com/in/emma-stratton-punchy,4
Enrique Hoyos,,Bolt.new,unknown,other,speaker,INBOUND,2026,Beyond Acquisition: Turning Users Into Lifelong Customers,https://ca.linkedin.com/in/enriquehoyos,4
Eric M. Bailey,,Bailey Innovation Group,unknown,other,speaker,INBOUND,2026,Using Brain Science To Explain Irrational Behavior,https://www.linkedin.com/in/ericmbailey,4
Erika Deal,,HubSpot,unknown,other,speaker,INBOUND,2026,What’s New for Sellers With HubSpot,https://www.linkedin.com/in/erikadeal,4
Erika Fisher,,HubSpot,unknown,other,speaker,INBOUND,2026,AI-Powered Growth: Move Fast Without Losing Control,https://www.linkedin.com/in/erikaafisher,4
Erin Reddick,,ChatBlackGPT,unknown,other,speaker,INBOUND,2026,Centering Culture in the Future of AI,,4
Eshu Kalra,,Wyzard.ai,unknown,other,speaker,INBOUND,2026,"Tools for Growth: Unify Data, Speed Up Funnel With AI Agents",https://in.linkedin.com/in/eshu-kalra,4
Ethan Kopit,,HubSpot,unknown,other,speaker,INBOUND,2026,,https://www.linkedin.com/in/ethan-kopit,4
Evan Hamilton,,HubSpot,unknown,other,speaker,INBOUND,2026,What Comes After Content Marketing,https://www.linkedin.com/in/evanhamilton,4
Evan Lauterborn,,HubSpot,unknown,other,speaker,INBOUND,2026,Meetup: The Hustle—for Founders and Future Founders,https://www.linkedin.com/in/evan-lauterborn,4
Eve Sangenito,,Perficient,unknown,other,speaker,INBOUND,2026,,https://www.linkedin.com/in/esangenito,4
Eyal Orgil,,DealHub,unknown,other,speaker,INBOUND,2026,GTM Acceleration With AI: From Quote To Revenue,https://il.linkedin.com/in/eyalorgil,4
Felicia Macias,,Yamaha Music USA,unknown,other,speaker,INBOUND,2026,Enterprise Marketing Principles for Personalized Experiences,https://www.linkedin.com/in/felicia-macias-572719221,4
Francis Ndicu,,HubSpot,unknown,other,speaker,INBOUND,2026,What’s New for Sellers With HubSpot,https://www.linkedin.com/in/francis-ndicu,4
Gabriela Gironas,,Wasserman,unknown,other,speaker,INBOUND,2026,Panel: Behind the Screens – How Agencies Scale Social,https://www.linkedin.com/in/gabrielagironas,4
Gabrielle Herrera,,HubSpot,unknown,other,speaker,INBOUND,2026,Meetup: Community Champions and HUG Leaders,https://www.linkedin.com/in/gabrielle-herrera-853236362,4
Genever Oppong,,Black Women Investors Network,unknown,other,speaker,INBOUND,2026,How to Get Your Business Venture Capital Ready,https://www.linkedin.com/in/geneveroppong,4
George B. Thomas,,Sidekick Strategies,unknown,other,speaker,INBOUND,2026,The Secret to SuperHuman-Centric Marketing That Converts,https://www.linkedin.com/in/georgebthomas,4
George Davis,,HubSpot,unknown,other,speaker,INBOUND,2026,Winning at Both Growth and Trust in the AI Age,https://www.linkedin.com/in/georgebdavis,4
George Munguia,,Harmony Intelligence Inc.,unknown,other,speaker,INBOUND,2026,The Next Big AIdea,,4
Glennon Doyle,,Treat Media,unknown,other,speaker,INBOUND,2026,"Hard Things, Strong People: Glennon Doyle on Resilience",https://www.linkedin.com/in/glennondoyle,4
Graham Collins,,QuotaPath,unknown,other,speaker,INBOUND,2026,HubSpot Developer Platform: Showcase and AMA,https://www.linkedin.com/in/grahamcollins,4
Graham Hawkins,,Qoos.ai,unknown,other,speaker,INBOUND,2026,"Deep Selling - A New Sales Mindset, Skill-Set and Tool-Set",https://au.linkedin.com/in/deepselling,4
Guy Yalif,,Webflow,unknown,other,speaker,INBOUND,2026,AEO for the CMO: An Actionable Maturity Model,https://www.linkedin.com/in/gyalif,4
Hannah Ajikawo,,Revenue Funnel,unknown,other,speaker,INBOUND,2026,8ish GTM AI Agent Hacks My 8yo Kid Accidentally Figured Out,https://uk.linkedin.com/in/hannah-ajikawo,4
Hannah Goldberg,,HubSpot,unknown,other,speaker,INBOUND,2026,Master Marketing Automation With Journey Automation,https://www.linkedin.com/in/hannahgoldberghubspot,4
Hannah Lee,,Asana,unknown,other,speaker,INBOUND,2026,Maximize AI-Driven Campaign Impact With Asana and HubSpot,https://www.linkedin.com/in/hannlee,4
Helen Russell,,HubSpot,unknown,other,speaker,INBOUND,2026,The Impact of Making People Uncomfortable,https://www.linkedin.com/in/helenrussellcpo,4
Humberto Castaneda,,Google,unknown,other,speaker,INBOUND,2026,AI Powered Sales and Marketing With Google Workspace,https://www.linkedin.com/in/humberto-castaneda,4
Iggy Perez,,Escala24x7 - Stefanini Group,unknown,other,speaker,INBOUND,2026,Drive Predictable Revenue With a Process-First Approach ,,4
Isaac Min,,HubSpot,unknown,other,speaker,INBOUND,2026,Master Marketing Automation With Journey Automation,,4
Isaac Takushi,,HubSpot,unknown,other,speaker,INBOUND,2026,,https://www.linkedin.com/in/isaactakushi,4
Izzy Kim,,Clay,unknown,other,speaker,INBOUND,2026,The Creative Process — Iterating Towards GTM Alpha,https://www.linkedin.com/in/izzykim2022,4
Jacqui Malis Becker,,HubSpot,unknown,other,speaker,INBOUND,2026,Unifying Your Tech Stack: HubSpot's Marketplace Reimagined,https://www.linkedin.com/in/jacquelynmalis,4
Jahaira Fajardo,,In lak’ech Dance Academy,unknown,other,speaker,INBOUND,2026,Meetup: The Spot Bachata Class,https://www.linkedin.com/in/jahaira-fajardo-74863b79,4
Jaime Diglio,,The WIN Room,unknown,other,speaker,INBOUND,2026,Founder-Led Sales: How to Win Paying Customers,https://www.linkedin.com/in/jaimediglio,4
Jake Blocker,,Interaction Associates,unknown,other,speaker,INBOUND,2026,Meetup: Small (But Mighty) Marketing Teams,https://www.linkedin.com/in/jakeblocker,4
James Buckley,,Sell Better,unknown,other,speaker,INBOUND,2026,Panel: The Guide to Effective Multi-Channel Cold Outreach,https://www.linkedin.com/in/jamessaywhatsalesbuckley,4
Jamie Elgie,,CoDev,unknown,other,speaker,INBOUND,2026,Drive Predictable Revenue With a Process-First Approach ,https://www.linkedin.com/in/jamieelgie,4
Jan Bogaert,,HubSpot,unknown,other,speaker,INBOUND,2026,Sales Data Revolution: Unlocking Revenue Intelligence,https://be.linkedin.com/in/jan-bogaert,4
Janelle Apaydin,,HubSpot,unknown,other,speaker,INBOUND,2026,Why Agents Won't Survive Your Fragmented Stack,,4
Jared Williams,,HubSpot,unknown,other,speaker,INBOUND,2026,Inside Smart CRM: How Unified Data Unlocks Growth,https://www.linkedin.com/in/williamsjared,4
Jason Seeba,,OneSignal,unknown,other,speaker,INBOUND,2026,Tools for Growth: Add Push and SMS to HubSpot With OneSignal,https://www.linkedin.com/in/jasonseeba,4
Jay Nathan,,Infinite Renewals,unknown,other,speaker,INBOUND,2026,How We Decreased Customer Churn by 28%,https://www.linkedin.com/in/jaynathan,4
Jay Schwedelson,,"GURU Media Hub, SubjectLine.com, Outcome Media",unknown,other,speaker,INBOUND,2026,Best Practices Are Garbage: In Marketing and Life,https://www.linkedin.com/in/schwedelson,4
Jayde Powell,,The Em Dash Co,unknown,other,speaker,INBOUND,2026,Panel: Behind the Screens – How Agencies Scale Social,,4
Jean Kang,,Path to PM,unknown,other,speaker,INBOUND,2026,Data Storytelling: Customer Insights for Content Strategy,https://www.linkedin.com/in/jeanhkang,4
Jean Merlain,,Wistia,unknown,other,speaker,INBOUND,2026,Tools for Growth: Turn Video Views Into Action With Wistia,https://www.linkedin.com/in/jeanmerlain,4
Jed Mahrle,,Practical Prospecting,unknown,other,speaker,INBOUND,2026,Panel: The Guide to Effective Multi-Channel Cold Outreach,https://www.linkedin.com/in/outboundsales,4
Jeff Harry,,Rediscover Your Play,unknown,other,speaker,INBOUND,2026,Work Is Broken…Play Can Fix It!,,4
Jeff Whitlock,,Grain,unknown,other,speaker,INBOUND,2026,DEBATE: AI or Human: Ultimate Customer Retention Showdown,https://www.linkedin.com/in/jeffwhitlock,4
Jehad Begraoui,,HubSpot,unknown,other,speaker,INBOUND,2026,Lab: Making Customer Success Impact Undeniable,https://fr.linkedin.com/in/jejebegraoui,4
Jen Spencer,,Booth & Partners,unknown,other,speaker,INBOUND,2026,The Leadership Gap Is Costing You—Here’s How to Fix It,https://www.linkedin.com/in/jenspencer,4
Jennifer Li,,Andreessen Horowitz,unknown,other,speaker,INBOUND,2026,The AI Growth Stack: VC Insights on the New GTM Playbook,https://www.linkedin.com/in/jenniferhli,4
Jennifer Yepez-Blundell,,DRAFTED,unknown,other,speaker,INBOUND,2026,Center Stage: Women Changing the Game in Sports Marketing,https://www.linkedin.com/in/jenniferyepezblundell,4
Jihan Donawa,,Swoogo,unknown,other,speaker,INBOUND,2026,From Humbeat to Drumbeat: Scaling the Power of Micro Events,https://www.linkedin.com/in/jihan-donawa-gibson,4
Jinny Chen,,Cello,unknown,other,speaker,INBOUND,2026,The Next Big AIdea,https://www.linkedin.com/in/jinnychen,4
Joakim Fagerbakk,,Avidly,unknown,other,speaker,INBOUND,2026,,https://no.linkedin.com/in/joakimfagerbakk,4
Joanna Buchholz,,Deloitte,unknown,other,speaker,INBOUND,2026,Unlocking ROI: Where Marketing and Finance Align,https://www.linkedin.com/in/joanna-buchholz-2397081a,4
Jocelyn Horn,,HubSpot,unknown,other,speaker,INBOUND,2026,"Unifying Customer Relationships With AI, Data, and CRM",https://www.linkedin.com/in/jocelynhorn,4
John Bissett,,SlingShot Edge,unknown,other,speaker,INBOUND,2026,,,4
John Heritage,,Evenbound,unknown,other,speaker,INBOUND,2026,Meetup: Improving Customer Experience in Manufacturing ,,4
John Mothershead,,Youth on Course,unknown,other,speaker,INBOUND,2026,From Beta to Breakthrough: Making Early Adoption Your DNA,https://www.linkedin.com/in/john-mothershead-033285b,4
Jon Dick,,HubSpot,unknown,other,speaker,INBOUND,2026,Customer Value Revolution: 5 Shifts for CS Breakthrough,https://www.linkedin.com/in/jondick,4
Jonas De Mets,,Koalify,unknown,other,speaker,INBOUND,2026,Scaling With AI: Growth Lessons From Early Founders,https://be.linkedin.com/in/jonasdemets,4
Jonathan Burg,,New Breed,unknown,other,speaker,INBOUND,2026,"Revenue Modeling 101: Plan, Predict and Scale for 2026",https://www.linkedin.com/in/jonathan-burg-2b891010,4
Jonathan Hunt,,HubSpot,unknown,other,speaker,INBOUND,2026,New Content Playbook: AI and Creative Strategies That Work,https://www.linkedin.com/in/jonathanwhunt,4
Jonathan Lister,,Vidyard,unknown,other,speaker,INBOUND,2026,Sound Bites: Bite-Sized Takes on the Future of AI in GTM,https://ca.linkedin.com/in/jonathanlister,4
Jonathan Tablada,,HubSpot,unknown,other,speaker,INBOUND,2026,Rethinking Lead Gen: Your Blueprint for AI Growth,https://www.linkedin.com/in/jonathantablada,4
Josh Coyne,,Kleiner Perkins,unknown,other,speaker,INBOUND,2026,The AI Growth Stack: VC Insights on the New GTM Playbook,https://www.linkedin.com/in/joshuacoyne,4
Joshua Rodriguez,,Inselligence,unknown,other,speaker,INBOUND,2026,Drive Predictable Revenue With a Process-First Approach ,https://www.linkedin.com/in/joshua-rodriguez-747820228,4
Juan DeAngulo,,Inselligence,unknown,other,speaker,INBOUND,2026,Drive Predictable Revenue With a Process-First Approach ,https://www.linkedin.com/in/juandeangulo,4
Juanita Moreno,,HubSpot,unknown,other,speaker,INBOUND,2026,HubSpot AI Power: Custom Solutions Driving Unlimited Growth,https://www.linkedin.com/in/juanitamoreno,4
Julia Fraser,,Sinch,unknown,other,speaker,INBOUND,2026,,https://www.linkedin.com/in/julialfraser,4
Julie Zhuo,,Slingshot Edge,unknown,other,speaker,INBOUND,2026,,https://uk.linkedin.com/in/lucy-oates-70999954,4
Justin Graci,,HubSpot,unknown,other,speaker,INBOUND,2026,,https://www.linkedin.com/in/jgraci,4
Karen Ng,,HubSpot,unknown,other,speaker,INBOUND,2026,Inside the AI Ecosystem: How Platforms Win Together,https://www.linkedin.com/in/karenng2,4
Karina Martinez,,DRAFTED,unknown,other,speaker,INBOUND,2026,Center Stage: Women Changing the Game in Sports Marketing,https://www.linkedin.com/in/karina-martinez-001,4
Kate Ahlering,,LinkedIn,unknown,other,speaker,INBOUND,2026,Sound Bites: Bite-Sized Takes on the Future of AI in GTM,https://www.linkedin.com/in/kate-ahlering,4
Kate DiLeo,,Kate DiLeo Branding,unknown,other,speaker,INBOUND,2026,ENCORE: Teardown Live! Does Their Story Suck – Or Convert?!,https://www.linkedin.com/in/katedileo,4
Kate Long,,Crunchbase,unknown,other,speaker,INBOUND,2026,From Lead to Loyalty: Is B2B Too Obsessed With the Funnel?,,4
Katherine Man,,HubSpot,unknown,other,speaker,INBOUND,2026,Inside Smart CRM: How Unified Data Unlocks Growth,https://www.linkedin.com/in/katherineman,4
Kathleen Green,,Yamaha Music USA,unknown,other,speaker,INBOUND,2026,Enterprise Marketing Principles for Personalized Experiences,https://www.linkedin.com/in/kathleenmarvingreen,4
Katie Lambert,,HubSpot,unknown,other,speaker,INBOUND,2026,From Humbeat to Drumbeat: Scaling the Power of Micro Events,https://www.linkedin.com/in/katieelambert,4
Katie Walsh,,HubSpot,unknown,other,speaker,INBOUND,2026,"HubSpot Sales, Unfiltered: Real Lessons From SMB Growth Machine",https://www.linkedin.com/in/ktkell,4
Katy Caouette,,HubSpot,unknown,other,speaker,INBOUND,2026,Winning at Both Growth and Trust in the AI Age,https://www.linkedin.com/in/katycaouette,4
Keith Vandeventer,,SANDOW Design Group,unknown,other,speaker,INBOUND,2026,Sales Data Revolution: Unlocking Revenue Intelligence,https://www.linkedin.com/in/keith-vandeventer-7b96b980,4
Kelsey Stafford,,Xanterra Travel Collection,unknown,other,speaker,INBOUND,2026,Tech That Builds Superfans: NBA and Travel Brand Playbook,https://www.linkedin.com/in/kelsey-stafford-8b4ab365,4
Kevin Barber,,Lean Labs,unknown,other,speaker,INBOUND,2026,40-Min AI Sprint: Branded AI Training and Take-Home Playbook,https://www.linkedin.com/in/thekevinbarber,4
Kevin Dean,,Manobyte,unknown,other,speaker,INBOUND,2026,,,4
Kevin Raheji,,HeyGen,unknown,other,speaker,INBOUND,2026,,,4
Kevin Roose,,New York Times,unknown,other,speaker,INBOUND,2026,Live With Dwarkesh Patel,https://www.linkedin.com/in/kevin-roose,4
Kevin White,,Common Room,unknown,other,speaker,INBOUND,2026,Signal to Revenue: Personalized Campaigns That Convert,https://ca.linkedin.com/in/kevin-white-711b1043,4
Kie Watanabe,,HubSpot,unknown,other,speaker,INBOUND,2026,Inside Service Hub: Building a Unified Post-Sales Journey,https://www.linkedin.com/in/kiewatanabe,4
Kim Hacker,,Arrows,unknown,other,speaker,INBOUND,2026,DEBATE: AI or Human: Ultimate Customer Retention Showdown,https://www.linkedin.com/in/kimberlyhacker,4
Kimberly Storin,,Zoom,unknown,other,speaker,INBOUND,2026,From Lead to Loyalty: Is B2B Too Obsessed With the Funnel?,https://www.linkedin.com/in/kimberlystorin,4
Korina Edwards,,Vidyard,unknown,other,speaker,INBOUND,2026,Tools for Growth: Ramp up Revenue With Vidyard’s Video Agent,https://www.linkedin.com/in/korina-edwards,4
Kristen Berman,,Irrational Labs,unknown,other,speaker,INBOUND,2026,How To Get  Users To Adopt Your New AI Features,https://www.linkedin.com/in/kristenberman,4
Laura Vélez,,HubSpot,unknown,other,speaker,INBOUND,2026,Lab: Unifying Your Tech Stack With HubSpot,,4
Lauren Ryan,,HubSpot,unknown,other,speaker,INBOUND,2026,Meetup: Financial Services: Building Client Trust for Life,https://www.linkedin.com/in/laurennicoleryan,4
Laurie Qian,,HubSpot,unknown,other,speaker,INBOUND,2026,HubSpot Developer Platform: Showcase and AMA,https://www.linkedin.com/in/laurie-qian,4
Lena Waters,,Notion,unknown,other,speaker,INBOUND,2026,How Top CMOs Are Using AI To Build B2B Creativity and Impact,https://www.linkedin.com/in/lenawaters,4
Lesley Cobbe,,LearnUpon,unknown,other,speaker,INBOUND,2026,Customer Education: The Missing Link in Your Lifecycle,https://ie.linkedin.com/in/lesley-cobbe-0a992643,4
Leslie Douglas,,Sell Better,unknown,other,speaker,INBOUND,2026,Panel: The Guide to Effective Multi-Channel Cold Outreach,https://www.linkedin.com/in/lesliebdouglas,4
Leslie Venetz,,The Sales-Led GTM Agency,unknown,other,speaker,INBOUND,2026,Founder-Led Sales: How to Win Paying Customers,https://www.linkedin.com/in/leslievenetz,4
Libby Rodney,,The Harris Poll,unknown,other,speaker,INBOUND,2026,"Content That Scales Your Impact, Not Your Output",https://www.linkedin.com/in/libbyrodney,4
Lily Rosenbloom,,HubSpot,unknown,other,speaker,INBOUND,2026,Make Your CRM Fit Your Business With Flexible Views,https://www.linkedin.com/in/lily-alex-rose,4
Lisa Edwards,,HubSpot,unknown,other,speaker,INBOUND,2026,Meetup: RevOps Data-Driven Success in the AI Era,https://www.linkedin.com/in/edwardslisam,4
Lori Richardson,,Score More Sales LLC,unknown,other,speaker,INBOUND,2026,Combine Gut and Science to Build Your Midmarket Sales Team,,4
Lorraine K. Lee,,RISE Learning Solutions,unknown,other,speaker,INBOUND,2026,Beating Burnout: Use Personal Growth to Drive SuccessAl,https://www.linkedin.com/in/lorraineklee,4
Lucy Solaski,,HubSpot,unknown,other,speaker,INBOUND,2026,Build Your First AI Assistant in Breeze Studio,https://www.linkedin.com/in/lucy-goldberg1,4
Luis Azuaje,,HubSpot,unknown,other,speaker,INBOUND,2026,Lab: AI Prompting for Marketing Excellence,,4
Maggie Bomze,,HubSpot,unknown,other,speaker,INBOUND,2026,,https://ie.linkedin.com/in/maggiebomze,4
Maha Abouelenein,,Digital & Savvy,unknown,other,speaker,INBOUND,2026,Beyond the Personal Brand: Building an Unshakable Reputation,https://www.linkedin.com/in/maha-abouelenein,4
Mandy Thompson,,Digital Reach Online Solutions,unknown,other,speaker,INBOUND,2026,Meetup: Out at INBOUND,https://www.linkedin.com/in/mandy-thompson-digital-reach,4
Marc Sirkin,,Third Door Media (A Semrush company),unknown,other,speaker,INBOUND,2026,CoLab 2: Stop Fighting Resistance—Start Using It,https://www.linkedin.com/in/marcsirkin,4
Marcus Sheridan,,"Marcus Sheridan International, IMPACT",unknown,other,speaker,INBOUND,2026,Endless Customers: How to Build a Brand that’s Built to Last,https://www.linkedin.com/in/marcussheridan,4
Marina Mogilko,,Linguamarina Inc.,unknown,other,speaker,INBOUND,2026,The Next Big AIdea,https://www.linkedin.com/in/marinamogilko,4
Mark Bornstein,,ON24,unknown,other,speaker,INBOUND,2026,"The Modern Webinar Workshop: Engage, Connect, Convert",https://www.linkedin.com/in/markbornstein,4
Mark Debenham,,Adverity,unknown,other,speaker,INBOUND,2026,Confessions of an AI Impostor: How to Trust Your Data Story,https://uk.linkedin.com/in/mark-debenham,4
Mark P. Jung,,Authority B2B,unknown,other,speaker,INBOUND,2026,5 Tactical Ways To Grow Organically on LinkedIn,https://ky.linkedin.com/in/markpjung,4
Mark Roberge,,Stage 2 Capital,unknown,other,speaker,INBOUND,2026,Building Your AI-Powered GTM Engine: The Future Tech Stack,https://www.linkedin.com/in/markroberge,4
Marques Brownlee,,MKBHD,unknown,other,speaker,INBOUND,2026,Tech at the Edge: Strategies and Insights With MKBHD,https://www.linkedin.com/in/mkbhd,4
Maryann Akinboyewa,,HubSpot,unknown,other,speaker,INBOUND,2026,Meetup: Sales and Revenue Leader Roundtable,https://www.linkedin.com/in/maryannakinboyewa,4
Matt Sornson,,HubSpot,unknown,other,speaker,INBOUND,2026,Inside Data Hub: Democratizing Data in the AI Era,https://www.linkedin.com/in/mattsornson,4
Maura Rivera,,Qualified,unknown,other,speaker,INBOUND,2026,The Agentic Marketing Funnel: Agentic Marketing Is Here ,https://www.linkedin.com/in/maura-rivera,4
Max Lucas,,DWC CONSULT GmbH,unknown,other,speaker,INBOUND,2026,Unlock Profit With Privacy: Marketing Strategies That Work,https://de.linkedin.com/in/max-lucas-28b2281a5,4
Meaghan Griffith,,HubSpot,unknown,other,speaker,INBOUND,2026,Smart Insights: From CRM Data To Real Intelligence,,4
Meg Duffy,,HubSpot,unknown,other,speaker,INBOUND,2026,Lab: Unifying Your Tech Stack With HubSpot,https://www.linkedin.com/in/meghanrduffy,4
Melissa Parham,,HubSpot,unknown,other,speaker,INBOUND,2026,Turn Meetings Into Momentum With AI in Sales Hub,https://www.linkedin.com/in/melissaparham2017,4
Melissa Reeve,,Hyperadaptive Solutions,unknown,other,speaker,INBOUND,2026,Scaling AI: Moving Beyond Experiments Without Team Burnout,,4
Micaila Donovan,,Snowflake,unknown,other,speaker,INBOUND,2026,Tools for Growth: Turning Data Into Decisions With AI,https://www.linkedin.com/in/micailadonovan,4
Michael Walton,,HubSpot,unknown,other,speaker,INBOUND,2026,Inside Sales Hub: A Bold New Path to Revenue Acceleration,https://www.linkedin.com/in/michael-walton-864874114,4
Michelle O'Keeffe,,Engaging.io,unknown,other,speaker,INBOUND,2026,Tech That Builds Superfans: NBA and Travel Brand Playbook,https://au.linkedin.com/in/michelle-o-keeffe-1535b423,4
Mike Benson,,CBS,unknown,other,speaker,INBOUND,2026,Solving the Marketing Mystery: AI-Powered Brand Partnerships,https://www.linkedin.com/in/mike77benson,4
Mike Hodsdon,,HubSpot,unknown,other,speaker,INBOUND,2026,Meetup: Improving Customer Experience in Manufacturing ,,4
Mike Redbord,,Agent.ai,unknown,other,speaker,INBOUND,2026,The Agent.ai Workshop: From Idea to Agent,,4
Mimi Forsythe,,Google,unknown,other,speaker,INBOUND,2026,Rethinking Lead Gen: Your Blueprint for AI Growth,https://www.linkedin.com/in/mimiforsythe,4
Mira Soullen,,ConnectionPoint Systems,unknown,other,speaker,INBOUND,2026,Vibe Eventing: Data-Driven Event Monetization,https://ca.linkedin.com/in/mirasoullen,4
Morgan J Ingram,,AMP Social,unknown,other,speaker,INBOUND,2026,Disruptors: AI-Enhanced Creator Transform Sales,https://www.linkedin.com/in/morganjingramamp,4
Morris Chestnut,,CBS' Watson,unknown,other,speaker,INBOUND,2026,Solving the Marketing Mystery: AI-Powered Brand Partnerships,,4
Namratha Viswanathan,,HubSpot,unknown,other,speaker,INBOUND,2026,Unifying Your Tech Stack: HubSpot's Marketplace Reimagined,,4
Naomi Fitzpatrick,,HubSpot,unknown,other,speaker,INBOUND,2026,From Campaign Chaos to Canvas Magic: Meet Marketing Studio,,4
Nathan Lands,,Lore.com,unknown,other,speaker,INBOUND,2026,The Next Big AIdea,https://www.linkedin.com/in/nathanlands,4
Navah Hopkins,,Microsoft,unknown,other,speaker,INBOUND,2026,Unlock Profit With Privacy: Marketing Strategies That Work,https://www.linkedin.com/in/navahhopkins,4
Neil Patel,,NP Digital,unknown,other,speaker,INBOUND,2026,30 Charts That Will Change the Way You Do Marketing,https://www.linkedin.com/in/neilkpatel,4
Nicholas Holland,,HubSpot,unknown,other,speaker,INBOUND,2026,Inside Breeze: The Bold Truth About Being an AI Leader,https://www.linkedin.com/in/nashvilleholland,4
Nick Carbone,,HubSpot,unknown,other,speaker,INBOUND,2026,Meetup: RevOps Data-Driven Success in the AI Era,https://www.linkedin.com/in/nick-carbone-42978ab8,4
Nick Decoulos,,HubSpot Academy,unknown,other,speaker,INBOUND,2026,Lab: AI-Powered Sales Success With Sales Workspace,https://www.linkedin.com/in/nickdecoulos0428,4
Nick Salvatoriello,,Nick Sal Inbound,unknown,other,speaker,INBOUND,2026,Beyond the Booth: B2B Sales Strategies for Field Events,https://www.linkedin.com/in/nicksal,4
Nick Warner,,HeyGen,unknown,other,speaker,INBOUND,2026,AI Creator Studio: Scale Video Content With Smart Tools,https://www.linkedin.com/in/1-nick-warner,4
Nicole Casares,,HubSpot,unknown,other,speaker,INBOUND,2026,Lab: HubSpot Workflow Automation With AI,https://www.linkedin.com/in/nicolecasares,4
Nozomi Umenai,,HubSpot,unknown,other,speaker,INBOUND,2026,Lab: Content Driven Conversion Points for More Leads,,4
Olivia Rogine,,VistaPrint,unknown,other,speaker,INBOUND,2026,From Humbeat to Drumbeat: Scaling the Power of Micro Events,https://www.linkedin.com/in/olivia-rogine,4
Oscar Robles,,HubSpot,unknown,other,speaker,INBOUND,2026,Meetup: Community Champions and HUG Leaders,https://www.linkedin.com/in/oscaralexanderrobles,4
Oscar Zamorano,,HubSpot,unknown,other,speaker,INBOUND,2026,Meetup: Revenue Leaders Mastering Subscription Growth,https://www.linkedin.com/in/oscar-zamorano,4
Parth Shah,,HubSpot,unknown,other,speaker,INBOUND,2026,Unlocking Data Magic for Sales and Marketing,https://www.linkedin.com/in/parthshah30,4
Patrick Eng,,HubSpot,unknown,other,speaker,INBOUND,2026,Lab: From Data Chaos to Clarity With HubSpot Smart CRM,https://www.linkedin.com/in/patrick-eng,4
Paul Schmidt,,SmartBug,unknown,other,speaker,INBOUND,2026,,https://www.linkedin.com/in/drumming,4
Paul Weston,,HubSpot,unknown,other,speaker,INBOUND,2026,Inside Service Hub: Building a Unified Post-Sales Journey,https://uk.linkedin.com/in/paul-weston-93ab28111,4
Practical sessions on multiple topics,Slide Menu,,unknown,other,speaker,Outreach Unleash,2026,,,4
Rachel Ousley,,Canva,unknown,other,speaker,INBOUND,2026,"Content That Scales Your Impact, Not Your Output",https://www.linkedin.com/in/rachelousley,4
Rachel Stephan,,Snöball Event Marketing,unknown,other,speaker,INBOUND,2026,Vibe Eventing: Data-Driven Event Monetization,https://ca.linkedin.com/in/rachelstephan1,4
Rachel Webb,,HubSpot,unknown,other,speaker,INBOUND,2026,What's New for Marketers With HubSpot,https://www.linkedin.com/in/rachelwebb6,4
Rahul Jain,,Wyzard.ai,unknown,other,speaker,INBOUND,2026,"Tools for Growth: Unify Data, Speed Up Funnel With AI Agents",https://in.linkedin.com/in/rahuljain11,4
Raunaq Akhauri,,Google,unknown,other,speaker,INBOUND,2026,Rethinking Lead Gen: Your Blueprint for AI Growth,https://www.linkedin.com/in/rakhauri,4
Rebecca Harris,,Huble,unknown,other,speaker,INBOUND,2026,Drive CRM Adoption With Gamification and Behavioral Science,https://uk.linkedin.com/in/rebecca-harris-13222681,4
Rex Galbraith,,Consensus,unknown,other,speaker,INBOUND,2026,Fuel Pipeline and Close Deals in the Anti-Social Buyer Era ,https://www.linkedin.com/in/rexgalbraith,4
Richard Tasker,,Otter.ai,unknown,other,speaker,INBOUND,2026,Tools for Growth: Turning Conversations Into Conversions,https://www.linkedin.com/in/richardtasker,4
Richard White,,Fathom,unknown,other,speaker,INBOUND,2026,The AI Ops Toolkit: Agentic Workflows for Speed and Growth,https://www.linkedin.com/in/rrwhite,4
Richard Wood,,Six&Flow,unknown,other,speaker,INBOUND,2026,,https://uk.linkedin.com/in/richardtempestwood,4
Rick Cosgrove,,Agency EA,unknown,other,speaker,INBOUND,2026,Spark Studio Session 9,https://www.linkedin.com/in/cosgroverick,4
Robbie Mitchell,,HubSpot,unknown,other,speaker,INBOUND,2026,Making Unstructured Feedback Actionable With AI,https://www.linkedin.com/in/robbiemitchell,4
Robyn Naragon,,HubSpot,unknown,other,speaker,INBOUND,2026,HubSpot Developer Platform: Showcase and AMA,,4
Robyn Winner,,Loop,unknown,other,speaker,INBOUND,2026,Zero-to-Pipeline: Crafting a Data-Driven Growth Machine,https://www.linkedin.com/in/robynwinner,4
Roger Brown,,HubSpot,unknown,other,speaker,INBOUND,2026,HubSpot Developer Platform: Showcase and AMA,https://www.linkedin.com/in/rwbrown84,4
Rohan Suri,,Nooks,unknown,other,speaker,INBOUND,2026,Meetup: Cold Calling for Modern Revenue Teams,https://www.linkedin.com/in/surirohan,4
Romana Handlova,,HubSpot,unknown,other,speaker,INBOUND,2026,Lab: AI-Powered Sales Success With Sales Workspace,,4
Ryan Teasell,,Qualified,unknown,other,speaker,INBOUND,2026,Tools for Growth: Let AI Agents Run Your Event Outreach ,https://www.linkedin.com/in/ryanteasell,4
Ryan Watkins,,Hype & Dexter,unknown,other,speaker,INBOUND,2026,,https://nz.linkedin.com/in/ryanwatkins-no1hubspot-partner,4
Sam Balter,,Wistia,unknown,other,speaker,INBOUND,2026,Video Marketing Trends From 90M Videos and 100K Brands,https://www.linkedin.com/in/sambalter,4
Sam Crawley,,Henley Leadership Group,unknown,other,speaker,INBOUND,2026,Meetup: Small (But Mighty) Marketing Teams,https://www.linkedin.com/in/samanthacrawley,4
Sam Mallikarjunan,,Agent.ai,unknown,other,speaker,INBOUND,2026,The Agent.ai Workshop: From Idea to Agent,https://www.linkedin.com/in/mallikarjunan,4
Samantha Anderson,,Origin 63,unknown,other,speaker,INBOUND,2026,5X Your Revenue: Uniting Marketing and Customer Success,https://www.linkedin.com/in/samantha-anderson-26b0b42b3,4
Sandra Ramirez,,HubSpot,unknown,other,speaker,INBOUND,2026,Lab: HubSpot Workflow Automation With AI,https://www.linkedin.com/in/sandra-ramirez-b89446268,4
Sarah Jane (SJ) Morris,,HubSpot,unknown,other,speaker,INBOUND,2026,Meetup: The Neurodivergent Edge in the Age of AI,https://www.linkedin.com/in/sjmorris,4
Sarah Kunst,,Cleo Capital,unknown,other,speaker,INBOUND,2026,The Sustainable Scale: Growth Lessons From Dominique Crenn,https://www.linkedin.com/in/sarahkunst,4
Sarah McDevitt,,HubSpot,unknown,other,speaker,INBOUND,2026,,https://ie.linkedin.com/in/mcdevittsarah,4
Sarah Reece,,Orum,unknown,other,speaker,INBOUND,2026,From Humbeat to Drumbeat: Scaling the Power of Micro Events,https://www.linkedin.com/in/sbethreece,4
Sarah Spliethoff,,Sunniemade,unknown,other,speaker,INBOUND,2026,Spark Studio Session 9,https://www.linkedin.com/in/sarah-spliethoff-2b777716,4
Scott Berchman,,Exos,unknown,other,speaker,INBOUND,2026,"Content That Scales Your Impact, Not Your Output",https://www.linkedin.com/in/sberchman,4
Scott Clary,,Success Story Podcast,unknown,other,speaker,INBOUND,2026,Creator CEO Playbook: Solopreneur to Media Corp in 2025,,4
Scott Fox,,MOBI,unknown,other,speaker,INBOUND,2026,AI as the Great Equalizer: Small Teams vs. Industry Giants,https://au.linkedin.com/in/scottmobi,4
Seabass Gibson,,Asana,unknown,other,speaker,INBOUND,2026,Maximize AI-Driven Campaign Impact With Asana and HubSpot,https://www.linkedin.com/in/sebastian-gibson,4
Sean Evans,,Hot Ones and First We Feast,unknown,other,speaker,INBOUND,2026,HubSpot Hot Ones,https://uk.linkedin.com/in/sam-kermer-59858010a,4
Sejal Parikh,,HubSpot,unknown,other,speaker,INBOUND,2026,HubSpot Developer Platform: Showcase and AMA,https://ca.linkedin.com/in/sejalparikh,4
Shaan Puri,,My First Million,unknown,other,speaker,INBOUND,2026,Meetup: My First Million for Founders and Builders,https://www.linkedin.com/in/shaanpuri,4
Shana Sumers,,HubSpot,unknown,other,speaker,INBOUND,2026,Meetup: Networking for The Spot Community,,4
Sharron Schreiber,,HubSpot,unknown,other,speaker,INBOUND,2026,,https://www.linkedin.com/in/sharron-schreiber-operationsuccess,4
Shaun Kanary,,Kuno Creative,unknown,other,speaker,INBOUND,2026,,https://www.linkedin.com/in/shaunkanary,4
Shawn Goodin,,HubSpot,unknown,other,speaker,INBOUND,2026,CoLab 12: Redefining Your Role in the Age of AI,https://www.linkedin.com/in/shawndavidgoodin,4
Shay Redmond,,HubSpot,unknown,other,speaker,INBOUND,2026,The Future of Marketing Campaigns ,https://ie.linkedin.com/in/shayredmond,4
Siqi Chen,,Runway Financial Inc.,unknown,other,speaker,INBOUND,2026,Building Your AI-Powered GTM Engine: The Future Tech Stack,https://www.linkedin.com/in/siqic,4
Smrti Rahmat,,HubSpot,unknown,other,speaker,INBOUND,2026,"AI-Powered Help Desk: Faster Responses, Happier Customers",https://www.linkedin.com/in/smrtirahmat,4
Sonia Thompson,,Thompson Media Group,unknown,other,speaker,INBOUND,2026,Center Stage: Women Changing the Game in Sports Marketing,https://www.linkedin.com/in/soniaethompson,4
Sonya Huang,,Sequoia Capital,unknown,other,speaker,INBOUND,2026,The AI Growth Stack: VC Insights on the New GTM Playbook,https://www.linkedin.com/in/sonyaruihuang,4
Spenser Dent,,,unknown,other,speaker,Sandler Summit,2026,The Psychology Behind the 30-Second Commercial,,4
Sriharsha Guduguntla,,Hyperbound,unknown,other,speaker,INBOUND,2026,Tools for Growth: AI Sales Roleplays for Sales Enablement,https://www.linkedin.com/in/sguduguntla,4
Stefanie Kinjo,,HubSpot,unknown,other,speaker,INBOUND,2026,Lab: HubSpot Email Marketing Toolkit for the AI Era,,4
Stephen Cluskey,,Mobility Mojo,unknown,other,speaker,INBOUND,2026,The Impact of Making People Uncomfortable,https://ie.linkedin.com/in/stephencluskey,4
Steven Weingarth,,Motorola Solutions,unknown,other,speaker,INBOUND,2026,From Beta to Breakthrough: Making Early Adoption Your DNA,,4
Stevie Case,,Vanta,unknown,other,speaker,INBOUND,2026,Building Your AI-Powered GTM Engine: The Future Tech Stack,https://www.linkedin.com/in/steviecase,4
Sumner Vanderhoof,,Propensity,unknown,other,speaker,INBOUND,2026,How To Use ABM To Generate Contact-Level Intent,https://www.linkedin.com/in/sumnervanderhoof,4
Sundas Khalid,,Sundas Khalid,unknown,other,speaker,INBOUND,2026,Data Storytelling: Customer Insights for Content Strategy,https://www.linkedin.com/in/sundaskhalid,4
Suzanne Kounkel,,Deloitte,unknown,other,speaker,INBOUND,2026,How Top CMOs Are Using AI To Build B2B Creativity and Impact,https://www.linkedin.com/in/suzannekounkel,4
Sylvain Perron,,Botpress,unknown,other,speaker,INBOUND,2026,No More Pilots: The Insider Playbook for Shipping AI Agents,https://ca.linkedin.com/in/slvnperron,4
Tai Rattigan,,Partnership Leaders,unknown,other,speaker,INBOUND,2026,,https://www.linkedin.com/in/tairattigan,4
Tamika Faulkner,,HubSpot,unknown,other,speaker,INBOUND,2026,The Augmented Creator: Mastering Answer Engine Optimization,https://www.linkedin.com/in/tamikafaulkner,4
Taylor Corrado,,Wistia,unknown,other,speaker,INBOUND,2026,Video Marketing Trends From 90M Videos and 100K Brands,https://www.linkedin.com/in/taylorcorrado,4
Taylor Davis,,Troodie,unknown,other,speaker,INBOUND,2026,The Next Big AIdea,https://www.linkedin.com/in/taylor-a-davis,4
The Evolving Business Landscape:,Fireside Chat: Navigating Change – AI and the Future of Business,,unknown,data,speaker,Sales 3.0,2026,,,4
Tifenn Dano Kwan,,Amplitude,unknown,other,speaker,INBOUND,2026,From Lead to Loyalty: Is B2B Too Obsessed With the Funnel?,https://www.linkedin.com/in/tifenndano,4
Tina Huang,,Lonely Octopus,unknown,other,speaker,INBOUND,2026,AI Creator Studio: Scale Video Content With Smart Tools,https://www.linkedin.com/in/eva-maria-m-796734214/,4
Tony Eades,,Salted Stone,unknown,other,speaker,INBOUND,2026,Meetup: Humanizing the Healthcare Patient Experience,https://au.linkedin.com/in/tonyeades,4
Troy Fiawoo,,HubSpot,unknown,other,speaker,INBOUND,2026,Lab: Content Driven Conversion Points for More Leads,https://www.linkedin.com/in/troy-fiawoo-b42244202,4
Tyler Rhodes,,HubSpot,unknown,other,speaker,INBOUND,2026,"HubSpot Sales, Unfiltered: Real Lessons From SMB Growth Machine",https://www.linkedin.com/in/rhodestyler,4
Tyrona Heath,,The B2B Institute at LinkedIn,unknown,other,speaker,INBOUND,2026,2025 B2B Trends for the Contrarian Marketer,https://www.linkedin.com/in/tyronaheath,4
Upcoming Masterclass Live Events,,,unknown,other,speaker,Sales 3.0,2026,,,4
Varun Anand,,Clay,unknown,other,speaker,INBOUND,2026,The Physics of GTM: The Three Laws of Go-to-Market Success,https://www.linkedin.com/in/vaanand,4
Verity-Jane Dearsley,,Huble,unknown,other,speaker,INBOUND,2026,Personalization at Scale: Seamless Cross-Channel Journeys,https://uk.linkedin.com/in/veritydearsley,4
Veronica Juarez,,Dahlia VC,unknown,other,speaker,INBOUND,2026,How to Get Your Business Venture Capital Ready,https://www.linkedin.com/in/veronica-juarez-2047485,4
Victor Riparbelli,,Synthesia,unknown,other,speaker,INBOUND,2026, How AI Will Change Video,https://uk.linkedin.com/in/victorriparbelli,4
Vijay Vadlamani,,HubSpot,unknown,other,speaker,INBOUND,2026,What’s New for Sellers With HubSpot,https://www.linkedin.com/in/vjv87,4
Wendy Werve,,COMPLY,unknown,other,speaker,INBOUND,2026,The Agentic Marketing Funnel: Agentic Marketing Is Here ,,4
Will Aitken,,WillAitken.com,unknown,other,speaker,INBOUND,2026,Panel: The Guide to Effective Multi-Channel Cold Outreach,https://ca.linkedin.com/in/justwillaitken,4
Will Cady,,HEAL mvmt,unknown,other,speaker,INBOUND,2026,What Comes After Content Marketing,https://www.linkedin.com/in/willcady,4
Will DePeri,,Simple Strat,unknown,other,speaker,INBOUND,2026,"Interactive Workflow Automation: You Vote, We Build—LIVE!",https://www.linkedin.com/in/willdeperi,4
Will O'Toole,,HubSpot,unknown,other,speaker,INBOUND,2026,"HubSpot Sales, Unfiltered: Real Lessons From SMB Growth Machine",,4
William Naddaff Hughes,,Hubspot,unknown,other,speaker,INBOUND,2026,"Smart Signals, Real Replies With HubSpot’s Prospecting Agent",,4
Yash Tekriwal,,Clay,unknown,other,speaker,INBOUND,2026,The Creative Process — Iterating Towards GTM Alpha,https://www.linkedin.com/in/yashtekriwal,4
Yelena Martial,,HubSpot,unknown,other,speaker,INBOUND,2026,Lab: Building a Proactive Customer Support Strategy,https://fr.linkedin.com/in/yelena-martial,4
Youssef Abou El Neaj,,Snowflake,unknown,other,speaker,INBOUND,2026,Tools for Growth: Turning Data Into Decisions With AI,https://www.linkedin.com/in/youssef-abouelneaj,4
Zachary Jarvinen,,NewBusinesses.AI,unknown,other,speaker,INBOUND,2026,Scaling With AI: Growth Lessons From Early Founders,https://www.linkedin.com/in/zacharyscottjarvinen,4
Zachary Sollitto,,Asana,unknown,other,speaker,INBOUND,2026,Maximize AI-Driven Campaign Impact With Asana and HubSpot,https://www.linkedin.com/in/zachary-sollitto-963a7233,4
Zack Kass,,OpenAI,unknown,other,speaker,INBOUND,2026,,https://www.linkedin.com/in/zackkass,4
"evidence from 150,000 B2B buyer decisions",Create Moments,Not Just Milestones: The Missing Link in Your Sales Methodology,unknown,other,speaker,Sales 3.0,2026,,,4
3 days,​,,unknown,other,speaker,Outreach Unleash,2026,,,3
3 tracks,​,,unknown,other,speaker,Outreach Unleash,2026,,,3
Anne-Marie Prince,,San Antonio Spurs,unknown,other,speaker,INBOUND,2026,Tech That Builds Superfans: NBA and Travel Brand Playbook,,3
Built for modern revenue teams,​,,unknown,other,speaker,Outreach Unleash,2026,,,3
Get your questions answered,Pricing for registration is $395,,unknown,other,speaker,Outreach Unleash,2026,,,3
Jeff Vincent,,HubSpot,unknown,other,speaker,INBOUND,2026,Inside Smart CRM: How Unified Data Unlocks Growth,,3
Read the latest Unleash articles,From Pipeline Pressure to Revenue Momentum in 2026,,unknown,sales,speaker,Outreach Unleash,2026,,,3
Speaker To Be Announced,,,unknown,other,speaker,INBOUND,2026,,,3
The momentum starts here,​,,unknown,other,speaker,Outreach Unleash,2026,,,3
What to expect each day,​,,unknown,other,speaker,Outreach Unleash,2026,,,3
Adam Cuzzort,,HubSpot,unknown,other,speaker,INBOUND,2026,Building the Data Foundation for Agentic AI,,2
Allison Bryant,,GlossGenius,unknown,other,speaker,INBOUND,2026,Rank Your Marketing Experiments Like a Growth Team,,2
Amiria MacKinnon,,HubSpot,unknown,other,speaker,INBOUND,2026,Redesigning Your Revenue Engine for Scale,,2
Anastasiia Kovtunenko,,HubSpot,unknown,other,speaker,INBOUND,2026,How Multi-Brand Companies Scale with HubSpot's MaM,,2
Anoosh Roozrock,,Aloware,unknown,other,speaker,INBOUND,2026,The AI Handoff: When Should AI Stop and Humans Step In?,,2
Arun Manoharan,,HubSpot,unknown,other,speaker,INBOUND,2026,How Data Agent Fuels Your Growth Engine With Context and Signals,,2
Beeri Amiel,,HubSpot,unknown,other,speaker,INBOUND,2026,Why Your Brand Isn’t Showing up and How To Win Back Demand,,2
Ben Donahower,,No Bounds Digital,unknown,other,speaker,INBOUND,2026,7 HubSpot Workflow Upgrades You Can Implement Today,,2
Brigitte Gabrus,,HubSpot,unknown,other,speaker,INBOUND,2026,Turning Unstructured Conversation Data into Revenue,,2
Britney Cole,,Blanchard,unknown,other,speaker,INBOUND,2026,Turn AI Experiments Into Measurable Revenue,,2
Bryan Saftler,,Miris,unknown,other,speaker,INBOUND,2026,Marketer's Modern Data Stack: How We Built PLG Automation,,2
Byung Chung,,HubSpot,unknown,other,speaker,INBOUND,2026,Turn HubSpot Into a System of Record Across Your Stack,,2
Champ Bennett,,Capsule,unknown,other,speaker,INBOUND,2026,HubSpot’s Playbook for Scaling Video Across the Org,,2
Chris Grant,,BabelQuest,unknown,other,speaker,INBOUND,2026,The Decision Engine: How to Build a CRM That Drives Action,,2
Christine  Lee,,HubSpot,unknown,other,speaker,INBOUND,2026,Running Loops: A Marketer's Guide to AI-Era Growth,,2
Cyndi Knapic,,HubSpot,unknown,other,speaker,INBOUND,2026,Turn HubSpot Into a System of Record Across Your Stack,,2
Dan Stillgoe,,Blend,unknown,other,speaker,INBOUND,2026,The Loop Unplugged: Inside Modern B2B Growth,,2
Darren Smith,,Personio,unknown,other,speaker,INBOUND,2026,From Marketing Executor to Marketing Architect,,2
David Meerman Scott,,,unknown,other,speaker,INBOUND,2026,The Fandom Playbook: Create Passionate Fans to Grow Business,,2
Dax Miller,,hapily,unknown,other,speaker,INBOUND,2026,Feeling Known Beats Being Targeted,,2
Devin Littlefield,,Market Vantage,unknown,other,speaker,INBOUND,2026,Account-Based RevOps: Rebuilding Your Revenue Engine in 2026,,2
Diana Zalaquett,,HubSpot,unknown,other,speaker,INBOUND,2026,Beyond Ticket Sales: How To Prove Event ROI,,2
Dr. Carmen Simon,,Enhancive,unknown,other,speaker,INBOUND,2026,What Neuroscience Reveals About Sales Success,,2
Elaine Zelby,,Tofu,unknown,other,speaker,INBOUND,2026,From Prompting to Building: Create Your First AI Agent,,2
Grant Lee,,Gamma,unknown,other,speaker,INBOUND,2026,The 0 to $100M ARR Playbook: Gamma’s Growth Journey,,2
Hannah Fisher,,BabelQuest,unknown,other,speaker,INBOUND,2026,The Decision Engine: How to Build a CRM That Drives Action,,2
Jaime Jurenek,,HubSpot,unknown,other,speaker,INBOUND,2026,Get Your Data AI-Ready: Configure a CRM That AI Can Use,,2
Jake Goldstein,,Kiln,unknown,other,speaker,INBOUND,2026,How Our AI BDR Increased More Human Conversations,,2
Jarrod Webb,,Blinq,unknown,other,speaker,INBOUND,2026,The Rise of the In-Person GTM Engine,,2
Jay Schwedelson,,GURU Media Hub/Outcome Media,unknown,other,speaker,INBOUND,2026,The Next 5 Years Will Not Reward the Smartest People,,2
Jazmine Moore,,NoirLogic,unknown,other,speaker,INBOUND,2026,Lead Management Mastery: From Chaos to Conversion in HubSpot,,2
Jen Spencer,,Booth,unknown,other,speaker,INBOUND,2026,From Rep to Revenue Leader: The Confidence Gap,,2
Jess Cook,,Vector,unknown,other,speaker,INBOUND,2026,How I Turned a CEO Into a Thought Leader,,2
Josh Curcio,,"protocol 80, Inc.",unknown,other,speaker,INBOUND,2026,Fix CRM Adoption: A Blueprint for Complex Sales Teams,,2
Josie Lickteig,,HubSpot,unknown,other,speaker,INBOUND,2026,Beyond Ticket Sales: How To Prove Event ROI,,2
Karen McFarlane,,Kaye Media Partners,unknown,other,speaker,INBOUND,2026,Diagnose Team Tension Before It Derails Results,,2
Kina Lara,,HubSpot,unknown,other,speaker,INBOUND,2026,The Breeze Playbook: Use Cases That Drive Real Results,,2
Kolin Koehl,,HubSpot,unknown,other,speaker,INBOUND,2026,Connecting Support and Success to Drive Growth,,2
Learn and explore Outreach,,,unknown,other,speaker,Outreach Unleash,2026,,,2
Lori Richardson,,Score More Sales,unknown,other,speaker,INBOUND,2026,From Rep to Revenue Leader: The Confidence Gap,,2
Lucy Rogers,,HubSpot,unknown,other,speaker,INBOUND,2026,Your Pricing Model Is a Customer Experience—Make It a Good One,,2
Maarten Bovend'aerde,,Digital Reach Online Solutions,unknown,other,speaker,INBOUND,2026,RevOps for Real: Systems Built for Imperfection,,2
Maha Abouelenein,,Digital and Savvy,unknown,other,speaker,INBOUND,2026,Build Trust Through Storytelling in a Skeptical World,,2
Mahyar Raissi,,Quo,unknown,other,speaker,INBOUND,2026,OpenPhone to Quo: How to Rebrand 7 Years In,,2
Maitri Sheth,,HubSpot,unknown,other,speaker,INBOUND,2026,How Data Agent Fuels Your Growth Engine With Context and Signals,,2
Marcel Santilli,,GrowthX AI,unknown,other,speaker,INBOUND,2026,"What 10,000 Hours of AEO Taught Us",,2
Mark Deacon,,Canibuild,unknown,other,speaker,INBOUND,2026,Redesigning Your Revenue Engine for Scale,,2
Megan Dumas,,HubSpot,unknown,other,speaker,INBOUND,2026,What’s New for Marketers,,2
Meghan Parsons,,HubSpot,unknown,other,speaker,INBOUND,2026,Translating Ideas into Buildable Systems,,2
Michael Barnett,,InGo,unknown,other,speaker,INBOUND,2026,AI Can’t Create Trust. But It Can Scale It.,,2
Nejc (Nates) Skoberne,,Sellestial,unknown,other,speaker,INBOUND,2026,How to Stop AI Agents from Making Stuff Up,,2
Nida Ateeq,,Anagar Media,unknown,other,speaker,INBOUND,2026,From Dashboards to Decisions: How to Build Revenue Reporting,,2
Phil Vallender,,Blend,unknown,other,speaker,INBOUND,2026,The Loop Unplugged: Inside Modern B2B Growth,,2
Remington Begg,,"Impulse Creative, Inc",unknown,other,speaker,INBOUND,2026,Running Loops: A Marketer's Guide to AI-Era Growth,,2
Sam Anderson,,Campaign Creators,unknown,other,speaker,INBOUND,2026,Marketing's Secret Weapon: CX Signals That Drive Revenue,,2
Sam Chandler,,Kustomer,unknown,other,speaker,INBOUND,2026,How We Increased NRR by 47 Points,,2
Sam Lee,,HubSpot,unknown,other,speaker,INBOUND,2026,Your Pricing Model Is a Customer Experience—Make It a Good One,,2
Seán Reid,,Supermetrics,unknown,other,speaker,INBOUND,2026,Predict Churn Before It Happens Without Health Scores,,2
Sheena Collier,,"Boston While Black, The Collier Connection",unknown,other,speaker,INBOUND,2026,The Belonging Economy: Marketing’s New Competitive Advantage,,2
Shelby Kehr,,HubSpot,unknown,other,speaker,INBOUND,2026,Building a Data System That Powers Growth,,2
Sophie Higgs,,HubSpot,unknown,other,speaker,INBOUND,2026,How Smart CRM Powers the Agentic Customer Platform,,2
Steph Crigler,,HubSpot,unknown,other,speaker,INBOUND,2026,Running Loops: A Marketer's Guide to AI-Era Growth,,2
Sumedha Rai,,Domyn,unknown,other,speaker,INBOUND,2026,The Death of the Natural Closer in Sales,,2
Ty Heath,,LinkedIn,unknown,other,speaker,INBOUND,2026,The B2B Credibility Code,,2
Wrapping up,,,unknown,other,speaker,Outreach Unleash,2026,,,2
Zachary Swetz,,HubSpot,unknown,other,speaker,INBOUND,2026,How Data Agent Fuels Your Growth Engine With Context and Signals,,2
75 Smartest Business Books,Dr. Robert Cialdini,Read full bio,unknown,other,speaker,Sales 3.0,2026,,,1
Alex Rainford,,HubSpot,unknown,other,speaker,INBOUND,2026,What's New in Sales Hub,,1
Beyond the sessions,,,unknown,other,speaker,Outreach Unleash,2026,,,1
"Learn, explore, go deeper",,,unknown,other,speaker,Outreach Unleash,2026,,,1
More than just sessions,,,unknown,other,speaker,Outreach Unleash,2026,,,1
Tom Chen,,Aircall,unknown,other,speaker,INBOUND,2026,Turn Conversations Into Automated Revenue Workflows,,1
